<?xml version="1.0" encoding="utf-8"?>
<search> 
  
  
    
    <entry>
      <title>java</title>
      <link href="/2024/02/04/java/java/"/>
      <url>/2024/02/04/java/java/</url>
      
        <content type="html"><![CDATA[<link rel="stylesheet" class="aplayer-secondary-style-marker" href="\assets\css\APlayer.min.css"><script src="\assets\js\APlayer.min.js" class="aplayer-secondary-script-marker"></script>]]></content>
      
      
      
    </entry>
    
    
    
    <entry>
      <title>mysql</title>
      <link href="/2024/02/04/mysql/mysql/"/>
      <url>/2024/02/04/mysql/mysql/</url>
      
        <content type="html"><![CDATA[<link rel="stylesheet" class="aplayer-secondary-style-marker" href="\assets\css\APlayer.min.css"><script src="\assets\js\APlayer.min.js" class="aplayer-secondary-script-marker"></script><p><code class="article_number"></code> <code class="site_word_count"></code></p><p><code class="site_uv"></code> <code class="site_pv"></code></p><h1><span id="单表查询">单表查询</span></h1><h2><span id="1数据库-数据库管理系统-sql">1.数据库、数据库管理系统、SQL</span></h2><p><em><strong>什么是数据库？什么是数据库管理系统？什么是SQL？他们之间的关系是什么？</strong></em></p><blockquote><p>数据库：英文单词DataBase，简称DB。按照一定格式存储数据的一些文件的组合。顾名思义：存储数据的仓库，实际上就是一堆文件。这些文件中存储了具有特定格式的数据。</p></blockquote><blockquote><p>数据库管理系统：DataBaseManagement，简称DBMS。数据库管理系统是专门用来管理数据库中数据的，数据库管理系统可以对数据库当中的数据进行增删改查。</p></blockquote><blockquote><p>常见的数据库管理系统：MySQL、Oracle、MS SqlServer、DB2、sybase等….</p></blockquote><blockquote><p>SQL：结构化查询语言程序员需要学习SQL语句，程序员通过编写SQL语句，然后DBMS负责执行SQL语句，最终来完成数据库中数据的增删改查操作。</p><p>SQL是一套标准，程序员主要学习的就是SQL语句，这个SQL在mysql中可以使用，同时在Oracle中也可以使用，在DB2中也可以使用。</p></blockquote><blockquote><p>三者之间的关系？<br>DBMS–执行–&gt; SQL –操作–&gt; DB</p></blockquote><p>学习的整个过程：</p><blockquote><p>先安装数据库管理系统MySQL，然后学习SQL语句怎么写，编写SQL语句之后，DBMS<br>对SQL语句进行执行，最终来完成数据库的数据管理。</p></blockquote><h2><span id="2-安装mysql数据库管理系统">2、安装MySQL数据库管理系统</span></h2><ol><li>先安装，选择“经典版”</li><li>需要进行MySQL数据库实例配置。</li></ol><p><strong>注意：一路下一步就行了！！！！！</strong></p><p>需要注意的事项？</p><p><strong>端口号</strong>：</p><blockquote><p>端口号port是任何一个软件&#x2F;应用都会有的，端口号是应用的唯一代表。端口号通常和IP地址在一块，IP地址用来定位计算机的，端口号port是用来定位计算机上某个服务的&#x2F;某个应用的！在同一台计算机上，端口号不能重复。具有唯一性。mysql数据库启动的时候，这个服务占有的&#x3D;&#x3D;默认端口号是3306&#x3D;&#x3D;。</p></blockquote><p><strong>字符编码方式</strong>：</p><blockquote><p>设置mysql数据库的字符编码方式为 UTF8，一定要注意：先选中第3个单选按钮，然后再选择utf8字符集。</p></blockquote><p><strong>服务名称</strong></p><blockquote><p>默认是：MySQL<br>不用改。</p></blockquote><p><strong>选择配置环境变量path</strong></p><p>如果没有选择怎么办？</p><p>可以手动配置<br>path&#x3D;其它路径;C:\Program Files (x86)\MySQL\MySQL Server 5.5\bin</p><ul><li><p>mysql超级管理员用户名不能改，一定是：root<br>  你需要设置mysql数据库超级管理员的密码。</p></li><li><p>设置密码的同时，可以激活root账户远程访问。<br>  激活：表示root账号可以在外地登录。<br>  不激活：表示root账号只能在本机上使用。</p></li></ul><h2><span id="3-mysql数据库的完美卸载">3、MySQL数据库的完美卸载！</span></h2><p>第一步：双击安装包进行卸载删除。<br>第二步：删除目录：<br>把C:\ProgramData下面的MySQL目录干掉。<br>把C:\Program Files (x86)下面的MySQL目录干掉。</p><p>这样就卸载结束了！</p><h2><span id="5-在windows中使用命令来启动和关闭mysql服务">5、在windows中使用命令来启动和关闭mysql服务</span></h2><p>语法：net stop 服务名称;net start 服务名称,其它服务的启停都可以采用以上的命令。</p><h2><span id="6-登录mysql">6、登录Mysql</span></h2><pre><code>使用bin目录下的mysql.exe命令来连接mysql数据库服务器本地登录（显示编写密码的形式）：    C:\Users\Administrator&gt;mysql -uroot -p123456    Welcome to the MySQL monitor.  Commands end with ; or \g.    Your MySQL connection id is 1    Server version: 5.5.36 MySQL Community Server (GPL)    Copyright (c) 2000, 2014, Oracle and/or its affiliates. All rights reserved.    Oracle is a registered trademark of Oracle Corporation and/or its    affiliates. Other names may be trademarks of their respective    owners.    Type &#39;help;&#39; or &#39;\h&#39; for help. Type &#39;\c&#39; to clear the current input statement.    mysql&gt;本地登录（隐藏密码的形式）：    C:\Users\Administrator&gt;mysql -uroot -p    Enter password: ******    Welcome to the MySQL monitor.  Commands end with ; or \g.    Your MySQL connection id is 2    Server version: 5.5.36 MySQL Community Server (GPL)    Copyright (c) 2000, 2014, Oracle and/or its affiliates. All rights reserved.    Oracle is a registered trademark of Oracle Corporation and/or its    affiliates. Other names may be trademarks of their respective    owners.    Type &#39;help;&#39; or &#39;\h&#39; for help. Type &#39;\c&#39; to clear the current input statement.    mysql&gt;</code></pre><h2><span id="7-mysql常用命令">7、mysql常用命令：</span></h2><h3><span id="71-退出mysql-exit">7.1 退出mysql ：exit</span></h3><pre><code class="mysql">mysql&gt; show databases;使用某个数据库use test;创建数据库create database bjpowernode;show tables;</code></pre><h3><span id="72-查看版本号">7.2 查看版本号</span></h3><p>select version();</p><h3><span id="73-查看当前数据库">7.3 查看当前数据库</span></h3><p>select database();</p><p>mysql是不见“;”不执行，“;”表示结束！</p><h3><span id="74-c用来终止一条命令的输入">7.4 \c用来终止一条命令的输入。</span></h3><h2><span id="8-数据库当中最基本的单元是表table">8、数据库当中最基本的单元是表：table</span></h2><p>什么是表table？为什么用表来存储数据呢？</p><table><thead><tr><th>姓名</th><th>性别</th><th>年龄(列：字段)</th><th></th></tr></thead><tbody><tr><td>张三</td><td>男</td><td>20</td><td>——-&gt;行（记录）</td></tr><tr><td>李四</td><td>女</td><td>20</td><td>——-&gt;行（记录）</td></tr><tr><td>王五</td><td>男</td><td>22</td><td>——-&gt;行（记录）</td></tr></tbody></table><p>数据库当中是以表格的形式表示数据的。因为表比较直观。</p><p>任何一张表都有行和列：</p><blockquote><p>行（row）：被称为数据&#x2F;记录。</p></blockquote><blockquote><p>列（column）：被称为字段。</p></blockquote><p>每一个字段都有：字段名、数据类型、约束等属性。</p><blockquote><p>字段名可以理解，是一个普通的名字，见名知意就行。<br>数据类型：字符串，数字，日期等<br>约束：约束也有很多，其中一个叫做唯一性约束，这种约束添加之后，该字段中的数据不能重复。</p></blockquote><h2><span id="9-关于sql语句的分类">9、关于SQL语句的分类？</span></h2><p>SQL语句有很多，最好进行分门别类，这样更容易记忆。<br>    分为：</p><ul><li><p><strong>DQL：数据查询语言</strong>（凡是带有select关键字的都是查询语句）</p><pre><code class="sql">select...</code></pre></li><li><p><strong>DML：数据操作语言</strong>（凡是对表当中的数据进行增删改的都是DML）</p><pre><code class="sql">insert delete updateinsert 增delete 删update 改</code></pre><p>  这个主要是操作表中的数据data。</p></li><li><p><strong>DDL数据定义语言</strong>(凡是带有create、drop、alter的都是DDL)</p><blockquote><p>DDL主要操作的是表的结构。不是表中的数据。</p></blockquote><pre><code class="sql">create：新建，等同于增drop：删除alter：修改</code></pre><p>  这个增删改和DML不同，这个主要是对表结构进行操作。</p></li><li><p><strong>TCL事务控制语言</strong><br>  不是王牌电视。是包括：</p><pre><code class="sql">commit;事务提交：rollback;事务回滚：</code></pre></li><li><p><strong>DCL数据控制语言</strong></p><pre><code>授权grant、撤销权限revoke....</code></pre></li></ul><h2><span id="10-通过cmd导入sql文件数据">10、通过cmd导入sql文件数据：</span></h2><p>bjpowernode.sql 这个文件中是我提前为大家练习准备的数据库表。<br>怎么将sql文件中的数据导入呢？<br><code>mysql&gt; source D:\course\03-MySQL\document\bjpowernode.sql</code></p><p>&#x3D;&#x3D;注意：路径中不要有中文！！！！&#x3D;&#x3D;</p><h2><span id="12-看表的结构">12、看表的结构</span></h2><p>desc 表名;</p><h2><span id="13-简单查询">13、简单查询</span></h2><h3><span id="131-查询一个字段">13.1、查询一个字段？</span></h3><p>select 字段名 from 表名;<br>其中要注意：</p><blockquote><p>select和from都是<strong>关键字</strong>。<br>字段名和表名都是<strong>标识符。</strong></p></blockquote><h3><span id="132-查询所有字段">13.2 查询所有字段</span></h3><p>第一种方式：可以把每个字段都写上<br>        select a,b,c,d,e,f… from tablename;</p><p>第二种方式：可以使用*<br>select * from dept;</p><p>这种方式的缺点：</p><p>1、效率低<br>2、可读性差。<br>在实际开发中不建议。<br>你可以在DOS命令窗口中想快速的看一看全表数据可以采用这种方式。</p><h3><span id="133-x3dx3d给查询的列起别名x3dx3d">13.3、&#x3D;&#x3D;给查询的列起别名&#x3D;&#x3D;？</span></h3><p><code>mysql&gt; select deptno,dname as deptname from dept;</code></p><p><strong>假设起别名的时候，别名里面有空格，怎么办？</strong><br>mysql&gt; select deptno,dname dept name from dept;<br>&#x3D;&#x3D;DBMS看到这样的语句，进行SQL语句的编译，不符合语法，编译报错。&#x3D;&#x3D;<br>怎么解决？<br><code>select deptno,dname &#39;dept name&#39; from dept; </code>&#x2F;&#x2F;<strong>加单引号</strong><br><code>select deptno,dname &quot;dept name&quot; from dept; </code>&#x2F;&#x2F;<strong>加双引号</strong></p><p><strong>注意：在所有的数据库当中，字符串统一使用单引号括起来，单引号是标准，双引号在oracle数据库中用不了。但是在mysql中可以使用。</strong></p><h2><span id="14-条件查询">14、条件查询</span></h2><h3><span id="141-什么是条件查询">14.1、什么是条件查询？</span></h3><pre><code class="sql">语法格式：select    字段1,字段2,字段3....from     表名where    条件;</code></pre><h3><span id="142-都有哪些条件">14.2、都有哪些条件？</span></h3><h4><span id="等于"><strong><code>= 等于</code></strong></span></h4><p>查询薪资等于800的员工姓名和编号？<br>    select empno,ename from emp where sal &#x3D; 800;<br>查询SMITH的编号和薪资？<br>    select empno,sal from emp where ename &#x3D; ‘SMITH’; &#x2F;&#x2F;字符串使用单引号</p><h4><span id="ltgt或x3d-不等于">&lt;&gt;或!&#x3D; 不等于</span></h4><p>查询薪资不等于800的员工姓名和编号？<br><code>select empno,ename from emp where sal != 800;</code><br><code>select empno,ename from emp where sal &lt;&gt; 800; </code>&#x2F;&#x2F; 小于号和大于号组成的不等号</p><h4><span id="lt-小于">&lt; 小于</span></h4><p>查询薪资小于2000的员工姓名和编号？<br><code>select empno,ename,sal from emp where sal &lt; 2000;</code></p><h4><span id="ltx3d-小于等于">&lt;&#x3D; 小于等于</span></h4><p>查询薪资小于等于3000的员工姓名和编号？<br><code>select empno,ename,sal from emp where sal &lt;= 3000;</code></p><h4><span id="大于">大于</span></h4><p>查询薪资大于3000的员工姓名和编号？<br>select empno,ename,sal from emp where sal &gt; 3000;</p><h4><span id="大于等于">大于等于</span></h4><p>查询薪资大于等于3000的员工姓名和编号？<br>select empno,ename,sal from emp where sal &gt;&#x3D; 3000;</p><pre><code class="sql">select     empno,ename,sal from     emp where     sal between 2450 and 3000;</code></pre><p><strong>注意：&#x3D;&#x3D;使用between and的时候，必须遵循左小右大。&#x3D;&#x3D;between and是闭区间，包括两端的值。</strong></p><p>is null 为 null（is not null 不为空）<br>查询哪些员工的津贴&#x2F;补助为null？<br>mysql&gt; select empno,ename,sal,comm from emp where comm &#x3D; null;</p><pre><code>mysql&gt; select empno,ename,sal,comm from emp where comm is null;</code></pre><p><strong>注意：在数据库当中null不能使用等号进行衡量。需要使用is null因为数据库中的null代表什么也没有，它不是一个值，所以不能使用等号衡量。</strong></p><p>查询哪些员工的津贴&#x2F;补助不为null？<br>    select empno,ename,sal,comm from emp where comm is not null;</p><h4><span id="and-并且">and 并且</span></h4><p>查询工作岗位是MANAGER并且工资大于2500的员工信息？</p><pre><code class="sql">select     empno,ename,job,sal from     emp where     job = &#39;MANAGER&#39; and sal &gt; 2500;</code></pre><h4><span id="or-或者">or 或者</span></h4><p>查询工作岗位是MANAGER和SALESMAN的员工？<br>select empno,ename,job from emp where job &#x3D; ‘MANAGER’;<br>select empno,ename,job from emp where job &#x3D; ‘SALESMAN’;</p><pre><code class="sql">select     empno,ename,jobfrom    empwhere     job = &#39;MANAGER&#39; or job = &#39;SALESMAN&#39;;</code></pre><h4><span id="and和or同时出现的话有优先级问题吗">and和or同时出现的话，有优先级问题吗？</span></h4><p>查询工资大于2500，并且部门编号为10或20部门的员工？</p><pre><code class="sql">select     *from    empwhere    sal &gt; 2500 and deptno = 10 or deptno = 20;</code></pre><p>分析以上语句的问题？</p><blockquote><p>&#x3D;&#x3D;and优先级比or高。&#x3D;&#x3D;<br>以上语句会先执行and，然后执行or。</p></blockquote><p>以上这个语句表示什么含义？</p><blockquote><p>找出工资大于2500并且部门编号为10的员工，或者20部门所有员工找出来。</p></blockquote><pre><code class="sql">select     *from    empwhere    sal &gt; 2500 and (deptno = 10 or deptno = 20);</code></pre><p>and和or同时出现，and优先级较高。如果想让or先执行，&#x3D;&#x3D;需要加“小括号”&#x3D;&#x3D;<br>以后在开发中，<strong>如果不确定优先级，就加小括号就行了。</strong></p><p>&#x3D;&#x3D;in 包含，相当于多个 or （not in 不在这个范围中）&#x3D;&#x3D;</p><p>查询工作岗位是MANAGER和SALESMAN的员工？<br>select empno,ename,job from emp where job &#x3D; ‘MANAGER’ or job &#x3D; ‘SALESMAN’;<br>select empno,ename,job from emp where job in(‘MANAGER’, ‘SALESMAN’);<br><strong>注意：in不是一个区间。in后面跟的是具体的值。</strong></p><p><strong>not in 表示不在这几个值当中的数据。</strong><br><code>select ename,sal from emp where sal not in(800, 5000, 3000);</code></p><p>not 可以取非，主要用在 is 或 in 中</p><pre><code class="sql">is nullis not nullinnot in</code></pre><h4><span id="模糊查询like">模糊查询like</span></h4><blockquote><p>支持%或下划线匹配</p></blockquote><blockquote><p>%匹配任意多个字符<br>下划线：任意一个字符。<br>%是一个特殊的符号，_ 也是一个特殊符号）</p></blockquote><pre><code class="sql">找出名字中含有O的？select ename from emp where ename like &#39;%O%&#39;;找出名字以T结尾的？select ename from emp where ename like &#39;%T&#39;;找出名字以K开始的？select ename from emp where ename like &#39;K%&#39;;找出第二个字每是A的？select ename from emp where ename like &#39;_A%&#39;;找出第三个字母是R的？select ename from emp where ename like &#39;__R%&#39;;找出名字中有“_”的？select name from t_student where name like &#39;%_%&#39;; //这样不行。select name from t_student where name like &#39;%\_%&#39;; // \转义字符。</code></pre><h2><span id="15-排序">15、排序</span></h2><h3><span id="151-查询所有员工薪资排序">15.1、查询所有员工薪资，排序？</span></h3><pre><code class="sql">select     ename,salfrom    emporder by    sal;</code></pre><p> &#x3D;&#x3D;默认是升序！！！&#x3D;&#x3D;</p><h3><span id="152-怎么降序">15.2、怎么降序？</span></h3><pre><code class="sql">指定降序：select ename,salfromemporder bysal desc;</code></pre><pre><code class="sql">指定升序？select ename,salfromemporder bysal asc;</code></pre><h3><span id="153-多个字段排序">15.3、多个字段排序</span></h3><p>查询员工名字和薪资，要求按照薪资升序，如果薪资一样的话，再按照名字升序排列。<br><code>select ename,salfromemporder bysal asc, ename asc;</code></p><p> sal在前，起主导，只有sal相等的时候，才会考虑启用ename排序。</p><h3><span id="154-了解根据字段的位置也可以排序">15.4、了解：根据字段的位置也可以排序</span></h3><pre><code class="sql">select ename,sal from emp order by 2; // 2表示第二列。第二列是sal按照查询结果的第2列sal排序。了解一下，不建议在开发中这样写，因为不健壮。因为列的顺序很容易发生改变，列顺序修改之后，2就废了。</code></pre><h2><span id="x3dx3d16-语句执行顺序x3dx3d">&#x3D;&#x3D;16、语句执行顺序&#x3D;&#x3D;</span></h2><p>关键字顺序不能变：</p><pre><code class="sql">select    ...from    ...where    ...order by    ...</code></pre><p>&#x3D;&#x3D;以上语句的执行顺序必须掌握：&#x3D;&#x3D;<br>    第一步：from<br>    第二步：where<br>    第三步：select<br>    第四步：order by（<strong>排序总是在最后执行！</strong>）</p><h2><span id="17-数据处理函数">17、数据处理函数</span></h2><h3><span id="171-数据处理函数又被称为单行处理函数">17.1、数据处理函数又被称为单行处理函数</span></h3><blockquote><p>单行处理函数的特点：一个输入对应一个输出。<br>和单行处理函数相对的是：多行处理函数。（多行处理函数特点：多个输入，对应1个输出！）</p></blockquote><h3><span id="172-单行处理函数常见的有哪些">17.2、单行处理函数常见的有哪些？</span></h3><h4><span id="lower-转换小写">lower 转换小写</span></h4><p>select lower(ename) as ename from emp;</p><h4><span id="upper-转换大写">upper 转换大写</span></h4><p>select upper(name) as name from t_student;</p><h4><span id="substr-取子串">substr 取子串</span></h4><p>语法：substr( 被截取的字符串, 起始下标,截取的长度）</p><p>select substr(ename, 1, 1) as ename from emp;<br>&#x3D;&#x3D;注意：起始下标从1开始，没有0.&#x3D;&#x3D;<br>找出员工名字第一个字母是A的员工信息？</p><pre><code>第一种方式：模糊查询select ename from emp where ename like &#39;A%&#39;;第二种方式：substr函数elect     ename from     emp where     substr(ename,1,1) = &#39;A&#39;;</code></pre><h4><span id="首字母大写">首字母大写</span></h4><pre><code class="sql">select name from t_student;select upper(substr(name,1,1)) from t_student;select substr(name,2,length(name) - 1) from t_student;select concat(upper(substr(name,1,1)),substr(name,2,length(name) - 1)) as result from t_student;+----------+| result   |+----------+| Zhangsan || Lisi     || Wangwu   || Jack_son |+----------+</code></pre><h4><span id="concat函数进行字符串的拼接">concat函数进行字符串的拼接</span></h4><p>select concat(empno,ename) from emp;</p><h4><span id="length-取长度">length 取长度</span></h4><p>select length(ename) enamelength from emp;</p><h4><span id="trim-去前后空格">trim 去前后空格</span></h4><p>select * from emp where ename &#x3D; trim(‘   KING’);</p><h4><span id="str_to_date-将字符串转换成日期">str_to_date 将字符串转换成日期</span></h4><h4><span id="date_format-格式化日期">date_format 格式化日期</span></h4><h4><span id="format-设置千分位">format 设置千分位</span></h4><h4><span id="x3dx3dcasewhenthenwhenthenelseendx3dx3d">&#x3D;&#x3D;case..when..then..when..then..else..end&#x3D;&#x3D;</span></h4><p>当员工的工作岗位是MANAGER的时候，工资上调10%，当工作岗位是SALESMAN的时候，工资上调50%,其它正常。<br>（注意：不修改数据库，只是将查询结果显示为工资上调）</p><pre><code class="sql">select     ename,    job,     sal as oldsal,(case job when &#39;MANAGER&#39; then `sal*1.1 `when &#39;SALESMAN&#39; then sal*1.5 else sal end) as newsal from     emp;</code></pre><h4><span id="x3dx3dround-四舍五入x3dx3d">&#x3D;&#x3D;round 四舍五入&#x3D;&#x3D;</span></h4><pre><code>    select 字段 from 表名;    select ename from emp;    select &#39;abc&#39; from emp; // select后面直接跟“字面量/字面值”</code></pre><h5><span id="x3dx3d根据字面量查询x3dx3d">&#x3D;&#x3D;根据字面量查询&#x3D;&#x3D;</span></h5><p>select ‘abc’ as bieming from emp;</p><pre><code class="sql">    +---------+    | bieming |    +---------+    | abc     |    | abc     |select abc from emp;    ERROR 1054 (42S22): Unknown column &#39;abc&#39; in &#39;field list&#39;    这样肯定报错，因为会把abc当做一个字段的名字，去emp表中找abc字段去了。</code></pre><p>select 1000 as num from emp; &#x2F;&#x2F; 1000 也是被当做一个字面量&#x2F;字面值。</p><pre><code>    +------+    | num  |    +------+    | 1000 |    | 1000 |    | 1000 |    | 1000 |</code></pre><p>​&#x3D;&#x3D;结论：select后面可以跟某个表的字段名（可以等同看做变量名），也可以跟字面量&#x2F;字面值（数据）。&#x3D;&#x3D;</p><pre><code>    select 21000 as num from dept;    +-------+    | num   |    +-------+    | 21000 |    | 21000 |    | 21000 |    | 21000 |    +-------+    mysql&gt; select round(1236.567, 0) as result from emp; //保留整数位。    +--------+    | result |    +--------+    |   1237 |    |   1237 |    |   1237 |    |   1237 |    |   1237 |    |   1237 |</code></pre><p>select round(1236.567, 1) as result from emp; &#x2F;&#x2F;保留1个小数<br>select round(1236.567, 2) as result from emp; &#x2F;&#x2F;保留2个小数<br>select round(1236.567, -1) as result from emp; &#x2F;&#x2F; 保留到十位。<br>    +——–+<br>    | result |<br>    +——–+<br>    |   1240 |<br>    |   1240 |</p><p>select round(1236.567, -2) as result from emp;<br>    +——–+<br>    | result |<br>    +——–+<br>    |   1200 |<br>    |   1200 |</p><h5><span id="rand-生成随机数">rand() 生成随机数</span></h5><p>​mysql&gt; select round(rand()*100,0) from emp; &#x2F;&#x2F; 100以内的随机数<br>​+———————+<br>​| round(rand()*100,0) |<br>​+———————+<br>​|                  76 |<br>​|                  29 |<br>​|                  15 |<br>​|                  88 |<br>​|                  95 |<br>​|                   9 |<br>​</p><h4><span id="x3dx3difnull-可以将-null-转换成一个具体值x3dx3d">&#x3D;&#x3D;ifnull 可以将 null 转换成一个具体值&#x3D;&#x3D;</span></h4><p>ifnull是空处理函数。专门处理空的。<br>&#x3D;&#x3D;在所有数据库当中，只要有NULL参与的数学运算，最终结果就是NULL。&#x3D;&#x3D;</p><p>案例：</p><pre><code>计算每个员工的年薪？年薪 = (月薪 + 月补助) * 12select ename, (sal + comm) * 12 as yearsal from emp;+--------+----------+| ename  | yearsal  |+--------+----------+| SMITH  |     NULL || ALLEN  | 22800.00 || WARD   | 21000.00 || JONES  |     NULL || MARTIN | 31800.00 || BLAKE  |     NULL || CLARK  |     NULL || SCOTT  |     NULL || KING   |     NULL || TURNER | 18000.00 || ADAMS  |     NULL || JAMES  |     NULL || FORD   |     NULL || MILLER |     NULL |+--------+----------+</code></pre><p>&#x3D;&#x3D;注意：NULL只要参与运算，最终结果一定是NULL。为了避免这个现象，需要使用ifnull函数。&#x3D;&#x3D;<br>ifnull函数用法：ifnull(数据, 被当做哪个值)<br>如果“数据”为NULL的时候，把这个数据结构当做哪个值。</p><p>补助为NULL的时候，将补助当做0</p><pre><code class="sql">select ename, (sal + ifnull(comm, 0)) * 12 as yearsal from emp;+--------+----------+| ename  | yearsal  |+--------+----------+| SMITH  |  9600.00 || ALLEN  | 22800.00 || WARD   | 21000.00 || JONES  | 35700.00 || MARTIN | 31800.00 || BLAKE  | 34200.00 || CLARK  | 29400.00 || SCOTT  | 36000.00 || KING   | 60000.00 || TURNER | 18000.00 || ADAMS  | 13200.00 || JAMES  | 11400.00 || FORD   | 36000.00 || MILLER | 15600.00 |+--------+----------+</code></pre><h2><span id="18-分组函数多行处理函数">18、分组函数（多行处理函数）</span></h2><blockquote><p>多行处理函数的特点：输入多行，最终输出一行。</p></blockquote><ul><li><code>count</code>计数</li><li><code>sum</code>求和</li><li><code>avg</code>平均值</li><li><code>max</code>最大值</li><li><code>min</code>最小值</li></ul><blockquote><p><strong>注意：分组函数在使用的时候必须先进行分组，然后才能用。如果你没有对数据进行分组，整张表默认为一组。</strong></p></blockquote><pre><code>计算工资和：    mysql&gt; select sum(sal) from emp;    +----------+    | sum(sal) |    +----------+    | 29025.00 |    +----------+计算平均工资：    mysql&gt; select avg(sal) from emp;    +-------------+    | avg(sal)    |    +-------------+    | 2073.214286 |    +-------------+    14个工资全部加起来，然后除以14。计算员工数量？    mysql&gt; select count(ename) from emp;    +--------------+    | count(ename) |    +--------------+    |           14 |    +--------------+</code></pre><p>​</p><p>&#x3D;&#x3D;分组函数在使用的时候需要注意哪些？&#x3D;&#x3D;</p><ol><li>分组函数&#x3D;&#x3D;自动忽略NULL&#x3D;&#x3D;，你不需要提前对NULL进行处理。</li><li>分组函数中count(*)和count(具体字段)有什么区别？</li></ol><pre><code>mysql&gt; select count(*) from emp;+----------+| count(*) |+----------+|       14 |+----------+mysql&gt; select count(comm) from emp;+-------------+| count(comm) |+-------------+|           4 |+-------------+</code></pre><p><strong>count(具体字段)：表示统计该字段下所有不为NULL的元素的总数</strong>。<br><strong>count(*)：统计表当中的总行数。</strong>（只要有一行数据count则++）<br><strong>因为每一行记录不可能都为NULL，一行数据中有一列不为NULL，则这行数据就是有效的。</strong></p><ol start="3"><li><p>&#x3D;&#x3D;分组函数不能够直接使用在where子句中。&#x3D;&#x3D;</p></li><li><p>所有的分组函数可以组合起来一起用。</p></li></ol><pre><code class="sql">select sum(sal),min(sal),max(sal),avg(sal),count(*) from emp;+----------+----------+----------+-------------+----------+| sum(sal) | min(sal) | max(sal) | avg(sal)    | count(*) |+----------+----------+----------+-------------+----------+| 29025.00 |   800.00 |  5000.00 | 2073.214286 |       14 |+----------+----------+----------+-------------+----------+</code></pre><h2><span id="x3dx3d19-分组查询非常重要五颗星x3dx3d">&#x3D;&#x3D;19、分组查询（非常重要：五颗星）&#x3D;&#x3D;</span></h2><p>19.2、将之前的关键字全部组合在一起，来看一下他们的执行顺序？</p><pre><code>select    ...from    ...where    ...group by    ...order by    ...</code></pre><p>以上关键字的顺序不能颠倒，需要记忆。<br>执行顺序是什么？<br>    1. from<br>    2. where<br>    3. group by<br>    4. select<br>    5. order by</p><p><strong>为什么分组函数不能直接使用在where后面？</strong></p><p>select ename,sal from emp where sal &gt; min(sal);&#x2F;&#x2F;报错。<br>因为分组函数在使用的时候必须先分组之后才能使用。<br>where执行的时候，还没有分组。所以where后面不能出现分组函数。</p><p>select sum(sal) from emp;<br>这个没有分组，为啥sum()函数可以用呢？<br>因为select在group by之后执行。</p><pre><code>select ename,job,sum(sal) from emp group by job;+-------+-----------+----------+| ename | job       | sum(sal) |+-------+-----------+----------+| SCOTT | ANALYST   |  6000.00 || SMITH | CLERK     |  4150.00 || JONES | MANAGER   |  8275.00 || KING  | PRESIDENT |  5000.00 || ALLEN | SALESMAN  |  5600.00 |+-------+-----------+----------+</code></pre><blockquote><p>以上语句在mysql中可以执行，但是毫无意义。<br>以上语句在oracle中执行报错。<br>oracle的语法比mysql的语法严格。（mysql的语法相对来说松散一些！）</p><p>&#x3D;&#x3D;重点结论：在一条select语句当中，如果有group by语句的话，select后面只能跟：参加分组的字段，以及分组函数。其它的一律不能跟。&#x3D;&#x3D;</p></blockquote><p>找出“每个部门，不同工作岗位”的最高薪资？</p><pre><code>+--------+-----------+---------+--------+| ename  | job       | sal     | deptno |+--------+-----------+---------+--------+| MILLER | CLERK     | 1300.00 |     10 || KING   | PRESIDENT | 5000.00 |     10 || CLARK  | MANAGER   | 2450.00 |     10 || FORD   | ANALYST   | 3000.00 |     20 || ADAMS  | CLERK     | 1100.00 |     20 || SCOTT  | ANALYST   | 3000.00 |     20 || JONES  | MANAGER   | 2975.00 |     20 || SMITH  | CLERK     |  800.00 |     20 || BLAKE  | MANAGER   | 2850.00 |     30 || MARTIN | SALESMAN  | 1250.00 |     30 || ALLEN  | SALESMAN  | 1600.00 |     30 || TURNER | SALESMAN  | 1500.00 |     30 || WARD   | SALESMAN  | 1250.00 |     30 || JAMES  | CLERK     |  950.00 |     30 |+--------+-----------+---------+--------+技巧：两个字段联合成1个字段看。（两个字段联合分组）select     deptno, job, max(sal)from    empgroup by    deptno, job;+--------+-----------+----------+| deptno | job       | max(sal) |+--------+-----------+----------+|     10 | CLERK     |  1300.00 ||     10 | MANAGER   |  2450.00 ||     10 | PRESIDENT |  5000.00 ||     20 | ANALYST   |  3000.00 ||     20 | CLERK     |  1100.00 ||     20 | MANAGER   |  2975.00 ||     30 | CLERK     |   950.00 ||     30 | MANAGER   |  2850.00 ||     30 | SALESMAN  |  1600.00 |+--------+-----------+----------+</code></pre><p>​</p><h3><span id="having">having</span></h3><ul><li>having可以对分完组之后的数据进一步过滤。</li><li>having不能单独使用，having不能代替where，&#x3D;&#x3D;having必须和group by联合使用。&#x3D;&#x3D;</li></ul><p>找出每个部门最高薪资，要求显示最高薪资大于3000的？</p><pre><code class="sql">select     deptno,max(sal) from     emp group by     deptnohaving    max(sal) &gt; 3000;+--------+----------+| deptno | max(sal) |+--------+----------+|     10 |  5000.00 |+--------+----------+</code></pre><p>思考一个问题：以上的sql语句执行效率是不是低？</p><blockquote><p>比较低，实际上可以这样考虑：先将大于3000的都找出来，然后再分组。</p></blockquote><pre><code>select     deptno,max(sal)from    empwhere    sal &gt; 3000group by    deptno;+--------+----------+| deptno | max(sal) |+--------+----------+|     10 |  5000.00 |+--------+----------+</code></pre><p>&#x3D;&#x3D;优化策略：where和having，优先选择where，where实在完成不了了，再选择having。&#x3D;&#x3D;</p><p><em><strong>where没办法的？？？？</strong></em></p><blockquote><p>找出每个部门平均薪资，要求显示平均薪资高于2500的。</p></blockquote><p>第一步：找出每个部门平均薪资</p><pre><code class="sql">select deptno,avg(sal) from emp group by deptno;+--------+-------------+| deptno | avg(sal)    |+--------+-------------+|     10 | 2916.666667 ||     20 | 2175.000000 ||     30 | 1566.666667 |+--------+-------------+</code></pre><p>第二步：要求显示平均薪资高于2500的</p><pre><code class="sql">select     deptno,avg(sal) from     emp group by     deptnohaving    avg(sal) &gt; 2500;+--------+-------------+| deptno | avg(sal)    |+--------+-------------+|     10 | 2916.666667 |+--------+-------------+</code></pre><h2><span id="x3dx3d20-大总结单表的查询学完了x3dx3d">&#x3D;&#x3D;20、大总结（单表的查询学完了）&#x3D;&#x3D;</span></h2><pre><code>select     ...from    ...where    ...group by    ...having    ...order by    ...</code></pre><p>&#x3D;&#x3D;以上关键字只能按照这个顺序来，不能颠倒。&#x3D;&#x3D;</p><p><em><strong>执行顺序？</strong></em></p><ol><li>from</li><li>where</li><li>group by</li><li>having</li><li>select</li><li>order by</li></ol><blockquote><p>从某张表中查询数据，<br>先经过where条件筛选出有价值的数据。<br>对这些有价值的数据进行分组。<br>分组之后可以使用having继续筛选。<br>select查询出来。<br>最后排序输出！</p></blockquote><p>找出每个岗位的平均薪资，要求显示平均薪资大于1500的，除MANAGER岗位之外，<br>要求按照平均薪资降序排。</p><pre><code class="sql">select     job, avg(sal) as avgsalfrom    empwhere    job &lt;&gt; &#39;MANAGER&#39;group by    jobhaving    avg(sal) &gt; 1500order by    avgsal desc;+-----------+-------------+| job       | avgsal      |+-----------+-------------+| PRESIDENT | 5000.000000 || ANALYST   | 3000.000000 |+-----------+-------------+</code></pre><h1><span id="多表查询">多表查询</span></h1><h2><span id="1-把查询结果去除重复记录distinct">1、把查询结果去除重复记录【distinct】</span></h2><pre><code>注意：原表数据不会被修改，只是查询结果去重。去重需要使用一个关键字：distinctmysql&gt; select distinct job from emp;+-----------+| job       |+-----------+| CLERK     || SALESMAN  || MANAGER   || ANALYST   || PRESIDENT |+-----------+// 这样编写是错误的，语法错误。// distinct只能出现在所有字段的最前方。mysql&gt; select ename,distinct job from emp;// distinct出现在job,deptno两个字段之前，表示两个字段联合起来去重。mysql&gt; select distinct job,deptno from emp;+-----------+--------+| job       | deptno |+-----------+--------+| CLERK     |     20 || SALESMAN  |     30 || MANAGER   |     20 || MANAGER   |     30 || MANAGER   |     10 || ANALYST   |     20 || PRESIDENT |     10 || CLERK     |     30 || CLERK     |     10 |+-----------+--------+统计一下工作岗位的数量？    select count(distinct job) from emp;    +---------------------+    | count(distinct job) |    +---------------------+    |                   5 |    +---------------------+</code></pre><h2><span id="2-连接查询">2、连接查询</span></h2><h3><span id="21-什么是连接查询">2.1、什么是连接查询？</span></h3><pre><code>从一张表中单独查询，称为单表查询。emp表和dept表联合起来查询数据，从emp表中取员工名字，从dept表中取部门名字。这种跨表查询，多张表联合起来查询数据，被称为连接查询。</code></pre><h3><span id="22-连接查询的分类">2.2、连接查询的分类？</span></h3><pre><code>根据语法的年代分类：    SQL92：1992年的时候出现的语法    SQL99：1999年的时候出现的语法    我们这里重点学习SQL99.(这个过程中简单演示一个SQL92的例子)根据表连接的方式分类：    内连接：        等值连接        非等值连接        自连接    外连接：        左外连接（左连接）        右外连接（右连接）    全连接（不讲）</code></pre><h3><span id="23-当两张表进行连接查询时没有任何条件的限制会发生什么现象">2.3、当两张表进行连接查询时，没有任何条件的限制会发生什么现象？</span></h3><pre><code>案例：查询每个员工所在部门名称？    mysql&gt; select ename,deptno from emp;    +--------+--------+    | ename  | deptno |    +--------+--------+    | SMITH  |     20 |    | ALLEN  |     30 |    | WARD   |     30 |    | JONES  |     20 |    | MARTIN |     30 |    | BLAKE  |     30 |    | CLARK  |     10 |    | SCOTT  |     20 |    | KING   |     10 |    | TURNER |     30 |    | ADAMS  |     20 |    | JAMES  |     30 |    | FORD   |     20 |    | MILLER |     10 |    +--------+--------+    mysql&gt; select * from dept;    +--------+------------+----------+    | DEPTNO | DNAME      | LOC      |    +--------+------------+----------+    |     10 | ACCOUNTING | NEW YORK |    |     20 | RESEARCH   | DALLAS   |    |     30 | SALES      | CHICAGO  |    |     40 | OPERATIONS | BOSTON   |    +--------+------------+----------+    两张表连接没有任何条件限制：    select ename,dname from emp, dept;    +--------+------------+    | ename  | dname      |    +--------+------------+    | SMITH  | ACCOUNTING |    | SMITH  | RESEARCH   |    | SMITH  | SALES      |    | SMITH  | OPERATIONS |    | ALLEN  | ACCOUNTING |    | ALLEN  | RESEARCH   |    | ALLEN  | SALES      |    | ALLEN  | OPERATIONS |    ...    56 rows in set (0.00 sec)    14 * 4 = 56    当两张表进行连接查询，没有任何条件限制的时候，最终查询结果条数，是    两张表条数的乘积，这种现象被称为：笛卡尔积现象。（笛卡尔发现的，这是    一个数学现象。）</code></pre><h3><span id="24-怎么避免笛卡尔积现象">2.4、怎么避免笛卡尔积现象？</span></h3><pre><code>连接时加条件，满足这个条件的记录被筛选出来！select     ename,dname from     emp, deptwhere    emp.deptno = dept.deptno;select     emp.ename,dept.dname from     emp, deptwhere    emp.deptno = dept.deptno;// 表起别名。很重要。效率问题。select     e.ename,d.dname from     emp e, dept dwhere    e.deptno = d.deptno; //SQL92语法。+--------+------------+| ename  | dname      |+--------+------------+| CLARK  | ACCOUNTING || KING   | ACCOUNTING || MILLER | ACCOUNTING || SMITH  | RESEARCH   || JONES  | RESEARCH   || SCOTT  | RESEARCH   || ADAMS  | RESEARCH   || FORD   | RESEARCH   || ALLEN  | SALES      || WARD   | SALES      || MARTIN | SALES      || BLAKE  | SALES      || TURNER | SALES      || JAMES  | SALES      |+--------+------------+思考：最终查询的结果条数是14条，但是匹配的过程中，匹配的次数减少了吗？    还是56次，只不过进行了四选一。次数没有减少。注意：通过笛卡尔积现象得出，表的连接次数越多效率越低，尽量避免表的连接次数。</code></pre><h3><span id="25-内连接之等值连接">2.5、内连接之等值连接。</span></h3><p>案例：查询每个员工所在部门名称，显示员工名和部门名？<br>emp e和dept d表进行连接。条件是：e.deptno &#x3D; d.deptno</p><p>SQL92语法：<br>    select<br>        e.ename,d.dname<br>    from<br>        emp e, dept d<br>    where<br>        e.deptno &#x3D; d.deptno;</p><pre><code>sql92的缺点：结构不清晰，表的连接条件，和后期进一步筛选的条件，都放到了where后面。</code></pre><p>SQL99语法：<br>    select<br>        e.ename,d.dname<br>    from<br>        emp e<br>    join<br>        dept d<br>    on<br>        e.deptno &#x3D; d.deptno;</p><pre><code>//inner可以省略（带着inner可读性更好！！！一眼就能看出来是内连接）select     e.ename,d.dnamefrom    emp einner join    dept don    e.deptno = d.deptno; // 条件是等量关系，所以被称为等值连接。</code></pre><p>​sql99优点：表连接的条件是独立的，连接之后，如果还需要进一步筛选，再往后继续添加where<br>​<br>​SQL99语法：<br>​select<br>​…<br>​from<br>​a<br>​join<br>​b<br>​on<br>​a和b的连接条件<br>​where<br>​筛选条件</p><h3><span id="26-内连接之非等值连接">2.6、内连接之非等值连接</span></h3><p>案例：找出每个员工的薪资等级，要求显示员工名、薪资、薪资等级？<br>mysql&gt; select * from emp; e<br>+——-+——–+———–+——+————+———+———+——–+<br>| EMPNO | ENAME  | JOB       | MGR  | HIREDATE   | SAL     | COMM    | DEPTNO |<br>+——-+——–+———–+——+————+———+———+——–+<br>|  7369 | SMITH  | CLERK     | 7902 | 1980-12-17 |  800.00 |    NULL |     20 |<br>|  7499 | ALLEN  | SALESMAN  | 7698 | 1981-02-20 | 1600.00 |  300.00 |     30 |<br>|  7521 | WARD   | SALESMAN  | 7698 | 1981-02-22 | 1250.00 |  500.00 |     30 |<br>|  7566 | JONES  | MANAGER   | 7839 | 1981-04-02 | 2975.00 |    NULL |     20 |<br>….</p><p>mysql&gt; select * from salgrade; s<br>+——-+——-+——-+<br>| GRADE | LOSAL | HISAL |<br>+——-+——-+——-+<br>|     1 |   700 |  1200 |<br>|     2 |  1201 |  1400 |<br>|     3 |  1401 |  2000 |<br>|     4 |  2001 |  3000 |<br>|     5 |  3001 |  9999 |<br>+——-+——-+——-+</p><p>select<br>    e.ename, e.sal, s.grade<br>from<br>    emp e<br>join<br>    salgrade s<br>on<br>    e.sal between s.losal and s.hisal; &#x2F;&#x2F; 条件不是一个等量关系，称为非等值连接。</p><p>select<br>    e.ename, e.sal, s.grade<br>from<br>    emp e<br>inner join<br>    salgrade s<br>on<br>    e.sal between s.losal and s.hisal;</p><p>+——–+———+——-+<br>| ename  | sal     | grade |<br>+——–+———+——-+<br>| SMITH  |  800.00 |     1 |<br>| ALLEN  | 1600.00 |     3 |<br>| WARD   | 1250.00 |     2 |<br>| JONES  | 2975.00 |     4 |<br>| MARTIN | 1250.00 |     2 |<br>| BLAKE  | 2850.00 |     4 |<br>| CLARK  | 2450.00 |     4 |<br>| SCOTT  | 3000.00 |     4 |<br>| KING   | 5000.00 |     5 |<br>| TURNER | 1500.00 |     3 |<br>| ADAMS  | 1100.00 |     1 |<br>| JAMES  |  950.00 |     1 |<br>| FORD   | 3000.00 |     4 |<br>| MILLER | 1300.00 |     2 |<br>+——–+———+——-+</p><h3><span id="27-内连接之自连接">2.7、内连接之自连接</span></h3><p>案例：查询员工的上级领导，要求显示员工名和对应的领导名？</p><p>mysql&gt; select empno,ename,mgr from emp;<br>+——-+——–+——+<br>| empno | ename  | mgr  |<br>+——-+——–+——+<br>|  7369 | SMITH  | 7902 |<br>|  7499 | ALLEN  | 7698 |<br>|  7521 | WARD   | 7698 |<br>|  7566 | JONES  | 7839 |<br>|  7654 | MARTIN | 7698 |<br>|  7698 | BLAKE  | 7839 |<br>|  7782 | CLARK  | 7839 |<br>|  7788 | SCOTT  | 7566 |<br>|  7839 | KING   | NULL |<br>|  7844 | TURNER | 7698 |<br>|  7876 | ADAMS  | 7788 |<br>|  7900 | JAMES  | 7698 |<br>|  7902 | FORD   | 7566 |<br>|  7934 | MILLER | 7782 |<br>+——-+——–+——+</p><p>技巧：一张表看成两张表。<br>emp a 员工表<br>+——-+——–+——+<br>| empno | ename  | mgr  |<br>+——-+——–+——+<br>|  7369 | SMITH  | 7902 |<br>|  7499 | ALLEN  | 7698 |<br>|  7521 | WARD   | 7698 |<br>|  7566 | JONES  | 7839 |<br>|  7654 | MARTIN | 7698 |<br>|  7698 | BLAKE  | 7839 |<br>|  7782 | CLARK  | 7839 |<br>|  7788 | SCOTT  | 7566 |<br>|  7839 | KING   | NULL |<br>|  7844 | TURNER | 7698 |<br>|  7876 | ADAMS  | 7788 |<br>|  7900 | JAMES  | 7698 |<br>|  7902 | FORD   | 7566 |<br>|  7934 | MILLER | 7782 |<br>+——-+——–+——+</p><p>emp b 领导表<br>+——-+——–+——+<br>| empno | ename  | mgr  |<br>+——-+——–+——+<br>|  7369 | SMITH  | 7902 |<br>|  7499 | ALLEN  | 7698 |<br>|  7521 | WARD   | 7698 |<br>|  7566 | JONES  | 7839 |<br>|  7654 | MARTIN | 7698 |<br>|  7698 | BLAKE  | 7839 |<br>|  7782 | CLARK  | 7839 |<br>|  7788 | SCOTT  | 7566 |<br>|  7839 | KING   | NULL |<br>|  7844 | TURNER | 7698 |<br>|  7876 | ADAMS  | 7788 |<br>|  7900 | JAMES  | 7698 |<br>|  7902 | FORD   | 7566 |<br>|  7934 | MILLER | 7782 |<br>+——-+——–+——+</p><p>select<br>    a.ename as ‘员工名’, b.ename as ‘领导名’<br>from<br>    emp a<br>join<br>    emp b<br>on<br>    a.mgr &#x3D; b.empno; &#x2F;&#x2F;员工的领导编号 &#x3D; 领导的员工编号</p><p>+——–+——–+<br>| 员工名 | 领导名|<br>+——–+——–+<br>| SMITH  | FORD   |<br>| ALLEN  | BLAKE  |<br>| WARD   | BLAKE  |<br>| JONES  | KING   |<br>| MARTIN | BLAKE  |<br>| BLAKE  | KING   |<br>| CLARK  | KING   |<br>| SCOTT  | JONES  |<br>| TURNER | BLAKE  |<br>| ADAMS  | SCOTT  |<br>| JAMES  | BLAKE  |<br>| FORD   | JONES  |<br>| MILLER | CLARK  |<br>+——–+——–+<br>13条记录，没有KING。《内连接》</p><p>以上就是内连接中的：自连接，技巧：一张表看做两张表。</p><h3><span id="28-外连接">2.8、外连接</span></h3><p>mysql&gt; select * from emp; e<br>+——-+——–+———–+——+————+———+———+——–+<br>| EMPNO | ENAME  | JOB       | MGR  | HIREDATE   | SAL     | COMM    | DEPTNO |<br>+——-+——–+———–+——+————+———+———+——–+<br>|  7369 | SMITH  | CLERK     | 7902 | 1980-12-17 |  800.00 |    NULL |     20 |<br>|  7499 | ALLEN  | SALESMAN  | 7698 | 1981-02-20 | 1600.00 |  300.00 |     30 |<br>|  7521 | WARD   | SALESMAN  | 7698 | 1981-02-22 | 1250.00 |  500.00 |     30 |<br>|  7566 | JONES  | MANAGER   | 7839 | 1981-04-02 | 2975.00 |    NULL |     20 |<br>|  7654 | MARTIN | SALESMAN  | 7698 | 1981-09-28 | 1250.00 | 1400.00 |     30 |<br>|  7698 | BLAKE  | MANAGER   | 7839 | 1981-05-01 | 2850.00 |    NULL |     30 |<br>|  7782 | CLARK  | MANAGER   | 7839 | 1981-06-09 | 2450.00 |    NULL |     10 |<br>|  7788 | SCOTT  | ANALYST   | 7566 | 1987-04-19 | 3000.00 |    NULL |     20 |<br>|  7839 | KING   | PRESIDENT | NULL | 1981-11-17 | 5000.00 |    NULL |     10 |<br>|  7844 | TURNER | SALESMAN  | 7698 | 1981-09-08 | 1500.00 |    0.00 |     30 |<br>|  7876 | ADAMS  | CLERK     | 7788 | 1987-05-23 | 1100.00 |    NULL |     20 |<br>|  7900 | JAMES  | CLERK     | 7698 | 1981-12-03 |  950.00 |    NULL |     30 |<br>|  7902 | FORD   | ANALYST   | 7566 | 1981-12-03 | 3000.00 |    NULL |     20 |<br>|  7934 | MILLER | CLERK     | 7782 | 1982-01-23 | 1300.00 |    NULL |     10 |<br>+——-+——–+———–+——+————+———+———+——–+</p><p>mysql&gt; select * from dept; d<br>+——–+————+———-+<br>| DEPTNO | DNAME      | LOC      |<br>+——–+————+———-+<br>|     10 | ACCOUNTING | NEW YORK |<br>|     20 | RESEARCH   | DALLAS   |<br>|     30 | SALES      | CHICAGO  |<br>|     40 | OPERATIONS | BOSTON   |<br>+——–+————+———-+</p><p>内连接：（A和B连接，AB两张表没有主次关系。平等的。）<br>select<br>    e.ename,d.dname<br>from<br>    emp e<br>join<br>    dept d<br>on<br>    e.deptno &#x3D; d.deptno; &#x2F;&#x2F;内连接的特点：完成能够匹配上这个条件的数据查询出来。</p><p>+——–+————+<br>| ename  | dname      |<br>+——–+————+<br>| CLARK  | ACCOUNTING |<br>| KING   | ACCOUNTING |<br>| MILLER | ACCOUNTING |<br>| SMITH  | RESEARCH   |<br>| JONES  | RESEARCH   |<br>| SCOTT  | RESEARCH   |<br>| ADAMS  | RESEARCH   |<br>| FORD   | RESEARCH   |<br>| ALLEN  | SALES      |<br>| WARD   | SALES      |<br>| MARTIN | SALES      |<br>| BLAKE  | SALES      |<br>| TURNER | SALES      |<br>| JAMES  | SALES      |<br>+——–+————+</p><p>外连接（右外连接）：<br>select<br>    e.ename,d.dname<br>from<br>    emp e<br>right join<br>    dept d<br>on<br>    e.deptno &#x3D; d.deptno;</p><p>&#x2F;&#x2F; outer是可以省略的，带着可读性强。<br>select<br>    e.ename,d.dname<br>from<br>    emp e<br>right outer join<br>    dept d<br>on<br>    e.deptno &#x3D; d.deptno;</p><p>right代表什么：表示将join关键字右边的这张表看成主表，主要是为了将<br>这张表的数据全部查询出来，捎带着关联查询左边的表。<br>在外连接当中，两张表连接，产生了主次关系。</p><p>外连接（左外连接）：<br>select<br>    e.ename,d.dname<br>from<br>    dept d<br>left join<br>    emp e<br>on<br>    e.deptno &#x3D; d.deptno;</p><p>&#x2F;&#x2F; outer是可以省略的，带着可读性强。<br>select<br>    e.ename,d.dname<br>from<br>    dept d<br>left outer join<br>    emp e<br>on<br>    e.deptno &#x3D; d.deptno;</p><p>带有right的是右外连接，又叫做右连接。<br>带有left的是左外连接，又叫做左连接。<br>任何一个右连接都有左连接的写法。<br>任何一个左连接都有右连接的写法。</p><p>+——–+————+<br>| ename  | dname      |<br>+——–+————+<br>| CLARK  | ACCOUNTING |<br>| KING   | ACCOUNTING |<br>| MILLER | ACCOUNTING |<br>| SMITH  | RESEARCH   |<br>| JONES  | RESEARCH   |<br>| SCOTT  | RESEARCH   |<br>| ADAMS  | RESEARCH   |<br>| FORD   | RESEARCH   |<br>| ALLEN  | SALES      |<br>| WARD   | SALES      |<br>| MARTIN | SALES      |<br>| BLAKE  | SALES      |<br>| TURNER | SALES      |<br>| JAMES  | SALES      |<br>| NULL   | OPERATIONS |<br>+——–+————+</p><p>思考：外连接的查询结果条数一定是 &gt;&#x3D; 内连接的查询结果条数？<br>    正确。</p><p>案例：查询每个员工的上级领导，要求显示所有员工的名字和领导名？<br>    select<br>        a.ename as ‘员工名’, b.ename as ‘领导名’<br>    from<br>        emp a<br>    left join<br>        emp b<br>    on<br>        a.mgr &#x3D; b.empno; </p><pre><code>+--------+--------+| 员工名      | 领导名     |+--------+--------+| SMITH  | FORD   || ALLEN  | BLAKE  || WARD   | BLAKE  || JONES  | KING   || MARTIN | BLAKE  || BLAKE  | KING   || CLARK  | KING   || SCOTT  | JONES  || KING   | NULL   || TURNER | BLAKE  || ADAMS  | SCOTT  || JAMES  | BLAKE  || FORD   | JONES  || MILLER | CLARK  |+--------+--------+</code></pre><h3><span id="29-三张表四张表怎么连接">2.9、三张表，四张表怎么连接？</span></h3><pre><code>语法：    select         ...    from        a    join        b    on        a和b的连接条件    join        c    on        a和c的连接条件    right join        d    on        a和d的连接条件    一条SQL中内连接和外连接可以混合。都可以出现！案例：找出每个员工的部门名称以及工资等级，要求显示员工名、部门名、薪资、薪资等级？select     e.ename,e.sal,d.dname,s.gradefrom    emp ejoin    dept don     e.deptno = d.deptnojoin    salgrade son    e.sal between s.losal and s.hisal;+--------+---------+------------+-------+| ename  | sal     | dname      | grade |+--------+---------+------------+-------+| SMITH  |  800.00 | RESEARCH   |     1 || ALLEN  | 1600.00 | SALES      |     3 || WARD   | 1250.00 | SALES      |     2 || JONES  | 2975.00 | RESEARCH   |     4 || MARTIN | 1250.00 | SALES      |     2 || BLAKE  | 2850.00 | SALES      |     4 || CLARK  | 2450.00 | ACCOUNTING |     4 || SCOTT  | 3000.00 | RESEARCH   |     4 || KING   | 5000.00 | ACCOUNTING |     5 || TURNER | 1500.00 | SALES      |     3 || ADAMS  | 1100.00 | RESEARCH   |     1 || JAMES  |  950.00 | SALES      |     1 || FORD   | 3000.00 | RESEARCH   |     4 || MILLER | 1300.00 | ACCOUNTING |     2 |+--------+---------+------------+-------+案例：找出每个员工的部门名称以及工资等级，还有上级领导，要求显示员工名、领导名、部门名、薪资、薪资等级？select     e.ename,e.sal,d.dname,s.grade,l.enamefrom    emp ejoin    dept don     e.deptno = d.deptnojoin    salgrade son    e.sal between s.losal and s.hisalleft join    emp lon    e.mgr = l.empno;+--------+---------+------------+-------+-------+| ename  | sal     | dname      | grade | ename |+--------+---------+------------+-------+-------+| SMITH  |  800.00 | RESEARCH   |     1 | FORD  || ALLEN  | 1600.00 | SALES      |     3 | BLAKE || WARD   | 1250.00 | SALES      |     2 | BLAKE || JONES  | 2975.00 | RESEARCH   |     4 | KING  || MARTIN | 1250.00 | SALES      |     2 | BLAKE || BLAKE  | 2850.00 | SALES      |     4 | KING  || CLARK  | 2450.00 | ACCOUNTING |     4 | KING  || SCOTT  | 3000.00 | RESEARCH   |     4 | JONES || KING   | 5000.00 | ACCOUNTING |     5 | NULL  || TURNER | 1500.00 | SALES      |     3 | BLAKE || ADAMS  | 1100.00 | RESEARCH   |     1 | SCOTT || JAMES  |  950.00 | SALES      |     1 | BLAKE || FORD   | 3000.00 | RESEARCH   |     4 | JONES || MILLER | 1300.00 | ACCOUNTING |     2 | CLARK |+--------+---------+------------+-------+-------+</code></pre><h2><span id="3-子查询">3、子查询？</span></h2><h3><span id="31-什么是子查询">3.1、什么是子查询？</span></h3><pre><code>select语句中嵌套select语句，被嵌套的select语句称为子查询。</code></pre><h3><span id="32-子查询都可以出现在哪里呢">3.2、子查询都可以出现在哪里呢？</span></h3><pre><code>select    ..(select).from    ..(select).where    ..(select).</code></pre><h3><span id="33-where子句中的子查询">3.3、where子句中的子查询</span></h3><pre><code>案例：找出比最低工资高的员工姓名和工资？    select         ename,sal    from        emp     where        sal &gt; min(sal);    ERROR 1111 (HY000): Invalid use of group function    where子句中不能直接使用分组函数。实现思路：    第一步：查询最低工资是多少        select min(sal) from emp;        +----------+        | min(sal) |        +----------+        |   800.00 |        +----------+    第二步：找出&gt;800的        select ename,sal from emp where sal &gt; 800;        第三步：合并        select ename,sal from emp where sal &gt; (select min(sal) from emp);        +--------+---------+        | ename  | sal     |        +--------+---------+        | ALLEN  | 1600.00 |        | WARD   | 1250.00 |        | JONES  | 2975.00 |        | MARTIN | 1250.00 |        | BLAKE  | 2850.00 |        | CLARK  | 2450.00 |        | SCOTT  | 3000.00 |        | KING   | 5000.00 |        | TURNER | 1500.00 |        | ADAMS  | 1100.00 |        | JAMES  |  950.00 |        | FORD   | 3000.00 |        | MILLER | 1300.00 |        +--------+---------+</code></pre><h3><span id="34-from子句中的子查询">3.4、from子句中的子查询</span></h3><pre><code>注意：from后面的子查询，可以将子查询的查询结果当做一张临时表。（技巧）案例：找出每个岗位的平均工资的薪资等级。第一步：找出每个岗位的平均工资（按照岗位分组求平均值）    select job,avg(sal) from emp group by job;    +-----------+-------------+    | job       | avgsal      |    +-----------+-------------+    | ANALYST   | 3000.000000 |    | CLERK     | 1037.500000 |    | MANAGER   | 2758.333333 |    | PRESIDENT | 5000.000000 |    | SALESMAN  | 1400.000000 |    +-----------+-------------+t表第二步：克服心理障碍，把以上的查询结果就当做一张真实存在的表t。mysql&gt; select * from salgrade; s表+-------+-------+-------+| GRADE | LOSAL | HISAL |+-------+-------+-------+|     1 |   700 |  1200 ||     2 |  1201 |  1400 ||     3 |  1401 |  2000 ||     4 |  2001 |  3000 ||     5 |  3001 |  9999 |+-------+-------+-------+t表和s表进行表连接，条件：t表avg(sal) between s.losal and s.hisal;        select         t.*, s.grade    from        (select job,avg(sal) as avgsal from emp group by job) t    join        salgrade s    on        t.avgsal between s.losal and s.hisal;        +-----------+-------------+-------+    | job       | avgsal      | grade |    +-----------+-------------+-------+    | CLERK     | 1037.500000 |     1 |    | SALESMAN  | 1400.000000 |     2 |    | ANALYST   | 3000.000000 |     4 |    | MANAGER   | 2758.333333 |     4 |    | PRESIDENT | 5000.000000 |     5 |    +-----------+-------------+-------+</code></pre><h3><span id="35-select后面出现的子查询这个内容不需要掌握了解即可">3.5、select后面出现的子查询（这个内容不需要掌握，了解即可！！！）</span></h3><p>案例：找出每个员工的部门名称，要求显示员工名，部门名？<br>    select<br>        e.ename,e.deptno,(select d.dname from dept d where e.deptno &#x3D; d.deptno) as dname<br>    from<br>        emp e;</p><pre><code>+--------+--------+------------+| ename  | deptno | dname      |+--------+--------+------------+| SMITH  |     20 | RESEARCH   || ALLEN  |     30 | SALES      || WARD   |     30 | SALES      || JONES  |     20 | RESEARCH   || MARTIN |     30 | SALES      || BLAKE  |     30 | SALES      || CLARK  |     10 | ACCOUNTING || SCOTT  |     20 | RESEARCH   || KING   |     10 | ACCOUNTING || TURNER |     30 | SALES      || ADAMS  |     20 | RESEARCH   || JAMES  |     30 | SALES      || FORD   |     20 | RESEARCH   || MILLER |     10 | ACCOUNTING |+--------+--------+------------+//错误：ERROR 1242 (21000): Subquery returns more than 1 rowselect     e.ename,e.deptno,(select dname from dept) as dnamefrom    emp e;注意：对于select后面的子查询来说，这个子查询只能一次返回1条结果，多于1条，就报错了。！</code></pre><h2><span id="4-union合并查询结果集">4、union合并查询结果集</span></h2><pre><code>案例：查询工作岗位是MANAGER和SALESMAN的员工？    select ename,job from emp where job = &#39;MANAGER&#39; or job = &#39;SALESMAN&#39;;    select ename,job from emp where job in(&#39;MANAGER&#39;,&#39;SALESMAN&#39;);    +--------+----------+    | ename  | job      |    +--------+----------+    | ALLEN  | SALESMAN |    | WARD   | SALESMAN |    | JONES  | MANAGER  |    | MARTIN | SALESMAN |    | BLAKE  | MANAGER  |    | CLARK  | MANAGER  |    | TURNER | SALESMAN |    +--------+----------+</code></pre><pre><code>select ename,job from emp where job = &#39;MANAGER&#39;unionselect ename,job from emp where job = &#39;SALESMAN&#39;;+--------+----------+| ename  | job      |+--------+----------+| JONES  | MANAGER  || BLAKE  | MANAGER  || CLARK  | MANAGER  || ALLEN  | SALESMAN || WARD   | SALESMAN || MARTIN | SALESMAN || TURNER | SALESMAN |+--------+----------+union的效率要高一些。对于表连接来说，每连接一次新表，则匹配的次数满足笛卡尔积，成倍的翻。。。但是union可以减少匹配的次数。在减少匹配次数的情况下，还可以完成两个结果集的拼接。a 连接 b 连接 ca 10条记录b 10条记录c 10条记录匹配次数是：1000a 连接 b一个结果：10 * 10 --&gt; 100次a 连接 c一个结果：10 * 10 --&gt; 100次使用union的话是：100次 + 100次 = 200次。（union把乘法变成了加法运算）</code></pre><p>union在使用的时候有注意事项吗？</p><pre><code>//错误的：union在进行结果集合并的时候，要求两个结果集的列数相同。select ename,job from emp where job = &#39;MANAGER&#39;unionselect ename from emp where job = &#39;SALESMAN&#39;;// MYSQL可以，oracle语法严格 ，不可以，报错。要求：结果集合并时列和列的数据类型也要一致。select ename,job from emp where job = &#39;MANAGER&#39;unionselect ename,sal from emp where job = &#39;SALESMAN&#39;;+--------+---------+| ename  | job     |+--------+---------+| JONES  | MANAGER || BLAKE  | MANAGER || CLARK  | MANAGER || ALLEN  | 1600    || WARD   | 1250    || MARTIN | 1250    || TURNER | 1500    |+--------+---------+</code></pre><h2><span id="5-limit非常重要">5、limit（非常重要）</span></h2><h3><span id="51-limit作用将查询结果集的一部分取出来-通常使用在分页查询当中">5.1、limit作用：将查询结果集的一部分取出来。通常使用在分页查询当中。</span></h3><p>百度默认：一页显示10条记录。<br>分页的作用是为了提高用户的体验，因为一次全部都查出来，用户体验差。<br>可以一页一页翻页看。</p><h3><span id="52-limit怎么用呢">5.2、limit怎么用呢？</span></h3><pre><code>完整用法：limit startIndex, length    startIndex是起始下标，length是长度。    起始下标从0开始。缺省用法：limit 5; 这是取前5.按照薪资降序，取出排名在前5名的员工？select     ename,salfrom    emporder by     sal desclimit 5; //取前5select     ename,salfrom    emporder by     sal desclimit 0,5;+-------+---------+| ename | sal     |+-------+---------+| KING  | 5000.00 || SCOTT | 3000.00 || FORD  | 3000.00 || JONES | 2975.00 || BLAKE | 2850.00 |+-------+---------+</code></pre><h3><span id="53-注意mysql当中limit在order-by之后执行">5.3、注意：mysql当中limit在order by之后执行！！！！！！</span></h3><h3><span id="54-取出工资排名在3-5名的员工">5.4、取出工资排名在[3-5]名的员工？</span></h3><pre><code>select     ename,salfrom    emporder by    sal desclimit    2, 3;2表示起始位置从下标2开始，就是第三条记录。3表示长度。+-------+---------+| ename | sal     |+-------+---------+| FORD  | 3000.00 || JONES | 2975.00 || BLAKE | 2850.00 |+-------+---------+</code></pre><h3><span id="55-取出工资排名在5-9名的员工">5.5、取出工资排名在[5-9]名的员工？</span></h3><pre><code>select     ename,salfrom    emporder by     sal desclimit    4, 5;+--------+---------+| ename  | sal     |+--------+---------+| BLAKE  | 2850.00 || CLARK  | 2450.00 || ALLEN  | 1600.00 || TURNER | 1500.00 || MILLER | 1300.00 |+--------+---------+</code></pre><h3><span id="56-分页">5.6、分页</span></h3><p>每页显示3条记录<br>    第1页：limit 0,3[0 1 2]<br>    第2页：limit 3,3[3 4 5]<br>    第3页：limit 6,3[6 7 8]<br>    第4页：limit 9,3[9 10 11]</p><p>每页显示pageSize条记录<br>    &#x3D;&#x3D;第pageNo页：limit (pageNo - 1) * pageSize  , pageSize&#x3D;&#x3D;</p><pre><code>public static void main(String[] args)&#123;    // 用户提交过来一个页码，以及每页显示的记录条数    int pageNo = 5; //第5页    int pageSize = 10; //每页显示10条    int startIndex = (pageNo - 1) * pageSize;    String sql = &quot;select ...limit &quot; + startIndex + &quot;, &quot; + pageSize;&#125;</code></pre><p>记公式：<br>    limit (pageNo-1)*pageSize , pageSize</p><h2><span id="6-关于dql语句的大总结">6、关于DQL语句的大总结：</span></h2><pre><code>select     ...from    ...where    ...group by    ...having    ...order by    ...limit    ...执行顺序？    1.from    2.where    3.group by    4.having    5.select    6.order by    7.limit..</code></pre><h2><span id="7-表的创建建表">7、表的创建（建表）</span></h2><h3><span id="71-建表的语法格式建表属于ddl语句ddl包括create-drop-alter">7.1、建表的语法格式：(建表属于DDL语句，DDL包括：create drop alter)</span></h3><pre><code>create table 表名(字段名1 数据类型, 字段名2 数据类型, 字段名3 数据类型);create table 表名(    字段名1 数据类型,     字段名2 数据类型,     字段名3 数据类型);表名：建议以t_ 或者 tbl_开始，可读性强。见名知意。字段名：见名知意。表名和字段名都属于标识符。</code></pre><h3><span id="72-关于mysql中的数据类型">7.2、关于mysql中的数据类型？</span></h3><pre><code>很多数据类型，我们只需要掌握一些常见的数据类型即可。    varchar(最长255)        可变长度的字符串        比较智能，节省空间。        会根据实际的数据长度动态分配空间。        优点：节省空间        缺点：需要动态分配空间，速度慢。    char(最长255)        定长字符串        不管实际的数据长度是多少。        分配固定长度的空间去存储数据。        使用不恰当的时候，可能会导致空间的浪费。        优点：不需要动态分配空间，速度快。        缺点：使用不当可能会导致空间的浪费。        varchar和char我们应该怎么选择？            性别字段你选什么？因为性别是固定长度的字符串，所以选择char。            姓名字段你选什么？每一个人的名字长度不同，所以选择varchar。    int(最长11)        数字中的整数型。等同于java的int。    bigint        数字中的长整型。等同于java中的long。    float        单精度浮点型数据    double        双精度浮点型数据    date        短日期类型    datetime        长日期类型    clob        字符大对象        最多可以存储4G的字符串。        比如：存储一篇文章，存储一个说明。        超过255个字符的都要采用CLOB字符大对象来存储。        Character Large OBject:CLOB    blob        二进制大对象        Binary Large OBject        专门用来存储图片、声音、视频等流媒体数据。        往BLOB类型的字段上插入数据的时候，例如插入一个图片、视频等，        你需要使用IO流才行。t_movie 电影表（专门存储电影信息的）编号名字故事情节上映日期时长海报类型no(bigint)name(varchar)history(clob)playtime(date)time(double)image(blob)type(char)------------------------------------------------------------------------------------------------------------------10000哪吒...........2019-10-112.5....&#39;1&#39;10001林正英之娘娘   ...........2019-11-111.5....&#39;2&#39;....</code></pre><h3><span id="73-创建一个学生表">7.3、创建一个学生表？</span></h3><pre><code>学号、姓名、年龄、性别、邮箱地址create table t_student(    no int,    name varchar(32),    sex char(1),    age int(3),    email varchar(255));删除表：    drop table t_student; // 当这张表不存在的时候会报错！    // 如果这张表存在的话，删除    drop table if exists t_student;</code></pre><h3><span id="74-插入数据insert-dml">7.4、插入数据insert （DML）</span></h3><p>​</p><pre><code>语法格式：    insert into 表名(字段名1,字段名2,字段名3...) values(值1,值2,值3);    注意：字段名和值要一一对应。什么是一一对应？        数量要对应。数据类型要对应。insert into t_student(no,name,sex,age,email) values(1,&#39;zhangsan&#39;,&#39;m&#39;,20,&#39;zhangsan@123.com&#39;);insert into t_student(email,name,sex,age,no) values(&#39;lisi@123.com&#39;,&#39;lisi&#39;,&#39;f&#39;,20,2);insert into t_student(no) values(3);+------+----------+------+------+------------------+| no   | name     | sex  | age  | email            |+------+----------+------+------+------------------+|    1 | zhangsan | m    |   20 | zhangsan@123.com ||    2 | lisi     | f    |   20 | lisi@123.com     ||    3 | NULL     | NULL | NULL | NULL             |+------+----------+------+------+------------------+insert into t_student(name) values(&#39;wangwu&#39;);+------+----------+------+------+------------------+| no   | name     | sex  | age  | email            |+------+----------+------+------+------------------+|    1 | zhangsan | m    |   20 | zhangsan@123.com ||    2 | lisi     | f    |   20 | lisi@123.com     ||    3 | NULL     | NULL | NULL | NULL             || NULL | wangwu   | NULL | NULL | NULL             |+------+----------+------+------+------------------+注意：insert语句但凡是执行成功了，那么必然会多一条记录。没有给其它字段指定值的话，默认值是NULL。drop table if exists t_student;create table t_student(    no int,    name varchar(32),    sex char(1) default &#39;m&#39;,    age int(3),    email varchar(255));+-------+--------------+------+-----+---------+-------+| Field | Type         | Null | Key | Default | Extra |+-------+--------------+------+-----+---------+-------+| no    | int(11)      | YES  |     | NULL    |       || name  | varchar(32)  | YES  |     | NULL    |       || sex   | char(1)      | YES  |     | m       |       || age   | int(3)       | YES  |     | NULL    |       || email | varchar(255) | YES  |     | NULL    |       |+-------+--------------+------+-----+---------+-------+insert into t_student(no) values(1);mysql&gt; select * from t_student;+------+------+------+------+-------+| no   | name | sex  | age  | email |+------+------+------+------+-------+|    1 | NULL | m    | NULL | NULL  |+------+------+------+------+-------+insert语句中的“字段名”可以省略吗？可以    insert into t_student values(2); //错误的    // 注意：前面的字段名省略的话，等于都写上了！所以值也要都写上！    insert into t_student values(2, &#39;lisi&#39;, &#39;f&#39;, 20, &#39;lisi@123.com&#39;);    +------+------+------+------+--------------+    | no   | name | sex  | age  | email        |    +------+------+------+------+--------------+    |    1 | NULL | m    | NULL | NULL         |    |    2 | lisi | f    |   20 | lisi@123.com |    +------+------+------+------+--------------+</code></pre><h3><span id="75-insert插入日期">7.5、insert插入日期</span></h3><pre><code>数字格式化：format    select ename,sal from emp;    +--------+---------+    | ename  | sal     |    +--------+---------+    | SMITH  |  800.00 |    | ALLEN  | 1600.00 |    | WARD   | 1250.00 |    | JONES  | 2975.00 |    | MARTIN | 1250.00 |    | BLAKE  | 2850.00 |    | CLARK  | 2450.00 |    | SCOTT  | 3000.00 |    | KING   | 5000.00 |    | TURNER | 1500.00 |    | ADAMS  | 1100.00 |    | JAMES  |  950.00 |    | FORD   | 3000.00 |    | MILLER | 1300.00 |    +--------+---------+    格式化数字：format(数字, &#39;格式&#39;)        select ename,format(sal, &#39;$999,999&#39;) as sal from emp;        +--------+-------+        | ename  | sal   |        +--------+-------+        | SMITH  | 800   |        | ALLEN  | 1,600 |        | WARD   | 1,250 |        | JONES  | 2,975 |        | MARTIN | 1,250 |        | BLAKE  | 2,850 |        | CLARK  | 2,450 |        | SCOTT  | 3,000 |        | KING   | 5,000 |        | TURNER | 1,500 |        | ADAMS  | 1,100 |        | JAMES  | 950   |        | FORD   | 3,000 |        | MILLER | 1,300 |        +--------+-------+str_to_date：将字符串varchar类型转换成date类型date_format：将date类型转换成具有一定格式的varchar字符串类型。drop table if exists t_user;create table t_user(    id int,    name varchar(32),    birth date // 生日也可以使用date日期类型);create table t_user(    id int,    name varchar(32),    birth char(10) // 生日可以使用字符串，没问题。);生日：1990-10-11 （10个字符）注意：数据库中的有一条命名规范：    所有的标识符都是全部小写，单词和单词之间使用下划线进行衔接。mysql&gt; desc t_user;+-------+-------------+------+-----+---------+-------+| Field | Type        | Null | Key | Default | Extra |+-------+-------------+------+-----+---------+-------+| id    | int(11)     | YES  |     | NULL    |       || name  | varchar(32) | YES  |     | NULL    |       || birth | date        | YES  |     | NULL    |       |+-------+-------------+------+-----+---------+-------+插入数据？    insert into t_user(id,name,birth) values(1, &#39;zhangsan&#39;, &#39;01-10-1990&#39;); // 1990年10月1日    出问题了：原因是类型不匹配。数据库birth是date类型，这里给了一个字符串varchar。    怎么办？可以使用str_to_date函数进行类型转换。    str_to_date函数可以将字符串转换成日期类型date？    语法格式：        str_to_date(&#39;字符串日期&#39;, &#39;日期格式&#39;)    mysql的日期格式：        %Y年        %m 月        %d 日        %h时        %i分        %s秒        insert into t_user(id,name,birth) values(1, &#39;zhangsan&#39;, str_to_date(&#39;01-10-1990&#39;,&#39;%d-%m-%Y&#39;));    str_to_date函数可以把字符串varchar转换成日期date类型数据，    通常使用在插入insert方面，因为插入的时候需要一个日期类型的数据，    需要通过该函数将字符串转换成date。好消息？    如果你提供的日期字符串是这个格式，str_to_date函数就不需要了！！！        %Y-%m-%d    insert into t_user(id,name,birth) values(2, &#39;lisi&#39;, &#39;1990-10-01&#39;);查询的时候可以以某个特定的日期格式展示吗？    date_format    这个函数可以将日期类型转换成特定格式的字符串。    select id,name,date_format(birth, &#39;%m/%d/%Y&#39;) as birth from t_user;    +------+----------+------------+    | id   | name     | birth      |    +------+----------+------------+    |    1 | zhangsan | 10/01/1990 |    |    2 | lisi     | 10/01/1990 |    +------+----------+------------+    date_format函数怎么用？        date_format(日期类型数据, &#39;日期格式&#39;)        这个函数通常使用在查询日期方面。设置展示的日期格式。        mysql&gt; select id,name,birth from t_user;    +------+----------+------------+    | id   | name     | birth      |    +------+----------+------------+    |    1 | zhangsan | 1990-10-01 |    |    2 | lisi     | 1990-10-01 |    +------+----------+------------+    以上的SQL语句实际上是进行了默认的日期格式化，    自动将数据库中的date类型转换成varchar类型。    并且采用的格式是mysql默认的日期格式：&#39;%Y-%m-%d&#39;    select id,name,date_format(birth,&#39;%Y/%m/%d&#39;) as birth from t_user;        java中的日期格式？        yyyy-MM-dd HH:mm:ss SSS</code></pre><h3><span id="76-date和datetime两个类型的区别">7.6、date和datetime两个类型的区别？</span></h3><pre><code>date是短日期：只包括年月日信息。datetime是长日期：包括年月日时分秒信息。drop table if exists t_user;create table t_user(    id int,    name varchar(32),    birth date,    create_time datetime);id是整数name是字符串birth是短日期create_time是这条记录的创建时间：长日期类型mysql短日期默认格式：%Y-%m-%dmysql长日期默认格式：%Y-%m-%d %h:%i:%sinsert into t_user(id,name,birth,create_time) values(1,&#39;zhangsan&#39;,&#39;1990-10-01&#39;,&#39;2020-03-18 15:49:50&#39;);在mysql当中怎么获取系统当前时间？    now() 函数，并且获取的时间带有：时分秒信息！！！！是datetime类型的。    insert into t_user(id,name,birth,create_time) values(2,&#39;lisi&#39;,&#39;1991-10-01&#39;,now());</code></pre><h3><span id="77-修改updatedml">7.7、修改update（DML）</span></h3><p>语法格式：<br>    update 表名 set 字段名1&#x3D;值1,字段名2&#x3D;值2,字段名3&#x3D;值3… where 条件;</p><pre><code>注意：没有条件限制会导致所有数据全部更新。update t_user set name = &#39;jack&#39;, birth = &#39;2000-10-11&#39; where id = 2;+------+----------+------------+---------------------+| id   | name     | birth      | create_time         |+------+----------+------------+---------------------+|    1 | zhangsan | 1990-10-01 | 2020-03-18 15:49:50 ||    2 | jack     | 2000-10-11 | 2020-03-18 15:51:23 |+------+----------+------------+---------------------+update t_user set name = &#39;jack&#39;, birth = &#39;2000-10-11&#39;, create_time = now() where id = 2;更新所有？    update t_user set name = &#39;abc&#39;;</code></pre><h3><span id="78-删除数据-delete-dml">7.8、删除数据 delete （DML）</span></h3><pre><code>语法格式？    delete from 表名 where 条件;注意：没有条件，整张表的数据会全部删除！delete from t_user where id = 2;insert into t_user(id) values(2);delete from t_user; // 删除所有！</code></pre><h1><span id="mysql-day03课堂笔记">mysql day03课堂笔记</span></h1><h2><span id="1-查询每一个员工的所在部门名称要求显示员工名和部门名">1、查询每一个员工的所在部门名称？要求显示员工名和部门名。</span></h2><pre><code>mysql&gt; select * from emp;+-------+--------+-----------+------+------------+---------+---------+--------+| EMPNO | ENAME  | JOB       | MGR  | HIREDATE   | SAL     | COMM    | DEPTNO |+-------+--------+-----------+------+------------+---------+---------+--------+|  7369 | SMITH  | CLERK     | 7902 | 1980-12-17 |  800.00 |    NULL |     20 ||  7499 | ALLEN  | SALESMAN  | 7698 | 1981-02-20 | 1600.00 |  300.00 |     30 ||  7521 | WARD   | SALESMAN  | 7698 | 1981-02-22 | 1250.00 |  500.00 |     30 ||  7566 | JONES  | MANAGER   | 7839 | 1981-04-02 | 2975.00 |    NULL |     20 ||  7654 | MARTIN | SALESMAN  | 7698 | 1981-09-28 | 1250.00 | 1400.00 |     30 ||  7698 | BLAKE  | MANAGER   | 7839 | 1981-05-01 | 2850.00 |    NULL |     30 ||  7782 | CLARK  | MANAGER   | 7839 | 1981-06-09 | 2450.00 |    NULL |     10 ||  7788 | SCOTT  | ANALYST   | 7566 | 1987-04-19 | 3000.00 |    NULL |     20 ||  7839 | KING   | PRESIDENT | NULL | 1981-11-17 | 5000.00 |    NULL |     10 ||  7844 | TURNER | SALESMAN  | 7698 | 1981-09-08 | 1500.00 |    0.00 |     30 ||  7876 | ADAMS  | CLERK     | 7788 | 1987-05-23 | 1100.00 |    NULL |     20 ||  7900 | JAMES  | CLERK     | 7698 | 1981-12-03 |  950.00 |    NULL |     30 ||  7902 | FORD   | ANALYST   | 7566 | 1981-12-03 | 3000.00 |    NULL |     20 ||  7934 | MILLER | CLERK     | 7782 | 1982-01-23 | 1300.00 |    NULL |     10 |+-------+--------+-----------+------+------------+---------+---------+--------+</code></pre><pre><code>mysql&gt; select * from dept;+--------+------------+----------+| DEPTNO | DNAME      | LOC      |+--------+------------+----------+|     10 | ACCOUNTING | NEW YORK ||     20 | RESEARCH   | DALLAS   ||     30 | SALES      | CHICAGO  ||     40 | OPERATIONS | BOSTON   |+--------+------------+----------+</code></pre><p>从emp表中取ename，从dept表中取dname，没有条件限制最终查询结果是？</p><pre><code>ENAMEDNAMESMITHACCOUNTING无效记录SMITHRESEARCH有效记录SMITHSALES无效记录SMITHOPERATIONS无效记录ALLENACCOUNTINGALLENRESEARCHALLENSALESALLENOPERATIONS.....56条记录。加个条件是为了达到4选1，也是</code></pre><p>为了数据的有效性。</p><pre><code>select     e.ename,d.dnamefrom    emp ejoin    dept don    e.deptno = d.deptno;加条件只是为了避免笛卡尔积现象，只是为了查询出有效的组合记录。匹配的次数一次都没有少，还是56次。</code></pre><h2><span id="2-insert语句可以一次插入多条记录吗掌握">2、insert语句可以一次插入多条记录吗？【掌握】</span></h2><pre><code>可以的！mysql&gt; desc t_user;+-------------+-------------+------+-----+---------+-------+| Field       | Type        | Null | Key | Default | Extra |+-------------+-------------+------+-----+---------+-------+| id          | int(11)     | YES  |     | NULL    |       || name        | varchar(32) | YES  |     | NULL    |       || birth       | date        | YES  |     | NULL    |       || create_time | datetime    | YES  |     | NULL    |       |+-------------+-------------+------+-----+---------+-------+一次可以插入多条记录：    insert into t_user(id,name,birth,create_time) values    (1,&#39;zs&#39;,&#39;1980-10-11&#39;,now()),     (2,&#39;lisi&#39;,&#39;1981-10-11&#39;,now()),    (3,&#39;wangwu&#39;,&#39;1982-10-11&#39;,now());    语法：insert into t_user(字段名1,字段名2) values(),(),(),();mysql&gt; select * from t_user;+------+--------+------------+---------------------+| id   | name   | birth      | create_time         |+------+--------+------------+---------------------+|    1 | zs     | 1980-10-11 | 2020-03-19 09:37:01 ||    2 | lisi   | 1981-10-11 | 2020-03-19 09:37:01 ||    3 | wangwu | 1982-10-11 | 2020-03-19 09:37:01 |+------+--------+------------+---------------------+</code></pre><h2><span id="3-快速创建表了解内容">3、快速创建表？【了解内容】</span></h2><pre><code>mysql&gt; create table emp2 as select * from emp;原理：    将一个查询结果当做一张表新建！！！！！    这个可以完成表的快速复制！！！！    表创建出来，同时表中的数据也存在了！！！create table mytable as select empno,ename from emp where job = &#39;MANAGER&#39;;</code></pre><h2><span id="4-x3dx3d将查询结果插入到一张表当中x3dx3dinsert相关的了解内容">4、&#x3D;&#x3D;将查询结果插入到一张表当中&#x3D;&#x3D;？insert相关的！！！【了解内容】</span></h2><pre><code>create table dept_bak as select * from dept;mysql&gt; select * from dept_bak;+--------+------------+----------+| DEPTNO | DNAME      | LOC      |+--------+------------+----------+|     10 | ACCOUNTING | NEW YORK ||     20 | RESEARCH   | DALLAS   ||     30 | SALES      | CHICAGO  ||     40 | OPERATIONS | BOSTON   |+--------+------------+----------+insert into dept_bak select * from dept; //很少用！mysql&gt; select * from dept_bak;+--------+------------+----------+| DEPTNO | DNAME      | LOC      |+--------+------------+----------+|     10 | ACCOUNTING | NEW YORK ||     20 | RESEARCH   | DALLAS   ||     30 | SALES      | CHICAGO  ||     40 | OPERATIONS | BOSTON   ||     10 | ACCOUNTING | NEW YORK ||     20 | RESEARCH   | DALLAS   ||     30 | SALES      | CHICAGO  ||     40 | OPERATIONS | BOSTON   |+--------+------------+----------+</code></pre><h2><span id="5-快速删除表中的数据truncate比较重要必须掌握">5、快速删除表中的数据？【truncate比较重要，必须掌握】</span></h2><pre><code>//删除dept_bak表中的数据delete from dept_bak; //这种删除数据的方式比较慢。mysql&gt; select * from dept_bak;Empty set (0.00 sec)delete语句删除数据的原理？（delete属于DML语句！！！）    表中的数据被删除了，但是这个数据在硬盘上的真实存储空间不会被释放！！！    这种删除缺点是：删除效率比较低。    这种删除优点是：支持回滚，后悔了可以再恢复数据！！！truncate语句删除数据的原理？    这种删除效率比较高，表被一次截断，物理删除。    这种删除缺点：不支持回滚。    这种删除优点：快速。用法：truncate table dept_bak; （这种操作属于DDL操作。）大表非常大，上亿条记录？？？？    删除的时候，使用delete，也许需要执行1个小时才能删除完！效率较低。    可以选择使用truncate删除表中的数据。只需要不到1秒钟的时间就删除结束。效率较高。    但是使用truncate之前，必须仔细询问客户是否真的要删除，并警告删除之后不可恢复！    truncate是删除表中的数据，表还在！删除表操作？    drop table 表名; // 这不是删除表中的数据，这是把表删除。</code></pre><h2><span id="6-对表结构的增删改">6、对表结构的增删改？</span></h2><p>​</p><pre><code>什么是对表结构的修改？    添加一个字段，删除一个字段，修改一个字段！！！对表结构的修改需要使用：alter属于DDL语句DDL包括：create drop alter第一：在实际的开发中，需求一旦确定之后，表一旦设计好之后，很少的进行表结构的修改。因为开发进行中的时候，修改表结构，成本比较高。修改表的结构，对应的java代码就需要进行大量的修改。成本是比较高的。这个责任应该由设计人员来承担！第二：由于修改表结构的操作很少，所以我们不需要掌握，如果有一天真的要修改表结构，你可以使用工具！！！！修改表结构的操作是不需要写到java程序中的。实际上也不是java程序员的范畴。</code></pre><h2><span id="7-约束非常重要五颗星">7、约束（非常重要，五颗星*****）</span></h2><h3><span id="71-什么是约束">7.1、什么是约束？</span></h3><pre><code>约束对应的英语单词：constraint在创建表的时候，我们可以给表中的字段加上一些约束，来保证这个表中数据的完整性、有效性！！！约束的作用就是为了保证：表中的数据有效！！</code></pre><h3><span id="72-约束包括哪些">7.2、约束包括哪些？</span></h3><pre><code>非空约束：not null唯一性约束: unique主键约束: primary key （简称PK）外键约束：foreign key（简称FK）检查约束：check（mysql不支持，oracle支持）我们这里重点学习四个约束：    not null    unique    primary key    foreign key</code></pre><h3><span id="73-非空约束not-null">7.3、非空约束：not null</span></h3><p>null和任何值运算得到的结果仍然是null，这点需要注意，不要在表达式中对null值进行运算。</p><pre><code>非空约束not null约束的字段不能为NULL。drop table if exists t_vip;create table t_vip(    id int,    name varchar(255) not null  // not null只有列级约束，没有表级约束！);insert into t_vip(id,name) values(1,&#39;zhangsan&#39;);insert into t_vip(id,name) values(2,&#39;lisi&#39;);insert into t_vip(id) values(3);ERROR 1364 (HY000): Field &#39;name&#39; doesn&#39;t have a default value小插曲：    xxxx.sql这种文件被称为sql脚本文件。    sql脚本文件中编写了大量的sql语句。    我们执行sql脚本文件的时候，该文件中所有的sql语句会全部执行！    批量的执行SQL语句，可以使用sql脚本文件。    在mysql当中怎么执行sql脚本呢？        mysql&gt; source D:\course\03-MySQL\document\vip.sql        你在实际的工作中，第一天到了公司，项目经理会给你一个xxx.sql文件，    你执行这个脚本文件，你电脑上的数据库数据就有了！</code></pre><h3><span id="74-唯一性约束-unique">7.4、唯一性约束: unique</span></h3><pre><code>唯一性约束unique约束的字段不能重复，但是可以为NULL。drop table if exists t_vip;create table t_vip(    id int,    name varchar(255) unique,    email varchar(255));insert into t_vip(id,name,email) values(1,&#39;zhangsan&#39;,&#39;zhangsan@123.com&#39;);insert into t_vip(id,name,email) values(2,&#39;lisi&#39;,&#39;lisi@123.com&#39;);insert into t_vip(id,name,email) values(3,&#39;wangwu&#39;,&#39;wangwu@123.com&#39;);select * from t_vip;insert into t_vip(id,name,email) values(4,&#39;wangwu&#39;,&#39;wangwu@sina.com&#39;);ERROR 1062 (23000): Duplicate entry &#39;wangwu&#39; for key &#39;name&#39;insert into t_vip(id) values(4);insert into t_vip(id) values(5);+------+----------+------------------+| id   | name     | email            |+------+----------+------------------+|    1 | zhangsan | zhangsan@123.com ||    2 | lisi     | lisi@123.com     ||    3 | wangwu   | wangwu@123.com   ||    4 | NULL     | NULL             ||    5 | NULL     | NULL             |+------+----------+------------------+name字段虽然被unique约束了，但是可以为NULL。新需求：name和email两个字段联合起来具有唯一性！！！！    drop table if exists t_vip;    create table t_vip(        id int,        name varchar(255) unique,  // 约束直接添加到列后面的，叫做列级约束。        email varchar(255) unique    );    这张表这样创建是不符合我以上“新需求”的。    这样创建表示：name具有唯一性，email具有唯一性。各自唯一。    以下这样的数据是符合我“新需求”的。    但如果采用以上方式创建表的话，肯定创建失败，因为&#39;zhangsan&#39;和&#39;zhangsan&#39;重复了。    insert into t_vip(id,name,email) values(1,&#39;zhangsan&#39;,&#39;zhangsan@123.com&#39;);    insert into t_vip(id,name,email) values(2,&#39;zhangsan&#39;,&#39;zhangsan@sina.com&#39;);    怎么创建这样的表，才能符合新需求呢？        drop table if exists t_vip;        create table t_vip(            id int,            name varchar(255),            email varchar(255),            unique(name,email) // 约束没有添加在列的后面，这种约束被称为表级约束。        );        insert into t_vip(id,name,email) values(1,&#39;zhangsan&#39;,&#39;zhangsan@123.com&#39;);        insert into t_vip(id,name,email) values(2,&#39;zhangsan&#39;,&#39;zhangsan@sina.com&#39;);        select * from t_vip;        name和email两个字段联合起来唯一！！！        insert into t_vip(id,name,email) values(3,&#39;zhangsan&#39;,&#39;zhangsan@sina.com&#39;);        ERROR 1062 (23000): Duplicate entry &#39;zhangsan-zhangsan@sina.com&#39; for key &#39;name&#39;    什么时候使用表级约束呢？        需要给多个字段联合起来添加某一个约束的时候，需要使用表级约束。unique 和not null可以联合吗？    drop table if exists t_vip;    create table t_vip(        id int,        name varchar(255) not null unique    );    mysql&gt; desc t_vip;    +-------+--------------+------+-----+---------+-------+    | Field | Type         | Null | Key | Default | Extra |    +-------+--------------+------+-----+---------+-------+    | id    | int(11)      | YES  |     | NULL    |       |    | name  | varchar(255) | NO   | PRI | NULL    |       |    +-------+--------------+------+-----+---------+-------+    在mysql当中，如果一个字段同时被not null和unique约束的话，    该字段自动变成主键字段。（注意：oracle中不一样！）    insert into t_vip(id,name) values(1,&#39;zhangsan&#39;);    insert into t_vip(id,name) values(2,&#39;zhangsan&#39;); //错误了：name不能重复    insert into t_vip(id) values(2); //错误了：name不能为NULL。</code></pre><h3><span id="75-主键约束primary-key简称pk非常重要五颗星">7.5、主键约束（primary key，简称PK）非常重要五颗星*****</span></h3><pre><code>主键约束的相关术语？    主键约束：就是一种约束。    主键字段：该字段上添加了主键约束，这样的字段叫做：主键字段    主键值：主键字段中的每一个值都叫做：主键值。什么是主键？有啥用？    主键值是每一行记录的唯一标识。    主键值是每一行记录的身份证号！！！记住：任何一张表都应该有主键，没有主键，表无效！！主键的特征：not null + unique（主键值不能是NULL，同时也不能重复！）怎么给一张表添加主键约束呢？    drop table if exists t_vip;    // 1个字段做主键，叫做：单一主键    create table t_vip(        id int primary key,  //列级约束        name varchar(255)    );    insert into t_vip(id,name) values(1,&#39;zhangsan&#39;);    insert into t_vip(id,name) values(2,&#39;lisi&#39;);    //错误：不能重复    insert into t_vip(id,name) values(2,&#39;wangwu&#39;);    ERROR 1062 (23000): Duplicate entry &#39;2&#39; for key &#39;PRIMARY&#39;    //错误：不能为NULL    insert into t_vip(name) values(&#39;zhaoliu&#39;);    ERROR 1364 (HY000): Field &#39;id&#39; doesn&#39;t have a default value可以这样添加主键吗，使用表级约束？    drop table if exists t_vip;    create table t_vip(        id int,        name varchar(255),        primary key(id)  // 表级约束    );    insert into t_vip(id,name) values(1,&#39;zhangsan&#39;);    //错误    insert into t_vip(id,name) values(1,&#39;lisi&#39;);    ERROR 1062 (23000): Duplicate entry &#39;1&#39; for key &#39;PRIMARY&#39;表级约束主要是给多个字段联合起来添加约束？    drop table if exists t_vip;    // id和name联合起来做主键：复合主键！！！！    create table t_vip(        id int,        name varchar(255),        email varchar(255),        primary key(id,name)    );    insert into t_vip(id,name,email) values(1,&#39;zhangsan&#39;,&#39;zhangsan@123.com&#39;);    insert into t_vip(id,name,email) values(1,&#39;lisi&#39;,&#39;lisi@123.com&#39;);    //错误：不能重复    insert into t_vip(id,name,email) values(1,&#39;lisi&#39;,&#39;lisi@123.com&#39;);    ERROR 1062 (23000): Duplicate entry &#39;1-lisi&#39; for key &#39;PRIMARY&#39;    在实际开发中不建议使用：复合主键。建议使用单一主键！    因为主键值存在的意义就是这行记录的身份证号，只要意义达到即可，单一主键可以做到。    复合主键比较复杂，不建议使用！！！一个表中主键约束能加两个吗？    drop table if exists t_vip;    create table t_vip(        id int primary key,        name varchar(255) primary key    );    ERROR 1068 (42000): Multiple primary key defined    结论：一张表，主键约束只能添加1个。（主键只能有1个。）主键值建议使用：    int    bigint    char    等类型。    不建议使用：varchar来做主键。主键值一般都是数字，一般都是定长的！主键除了：单一主键和复合主键之外，还可以这样进行分类？    自然主键：主键值是一个自然数，和业务没关系。    业务主键：主键值和业务紧密关联，例如拿银行卡账号做主键值。这就是业务主键！    在实际开发中使用业务主键多，还是使用自然主键多一些？        自然主键使用比较多，因为主键只要做到不重复就行，不需要有意义。        业务主键不好，因为主键一旦和业务挂钩，那么当业务发生变动的时候，        可能会影响到主键值，所以业务主键不建议使用。尽量使用自然主键。在mysql当中，有一种机制，可以帮助我们自动维护一个主键值？    drop table if exists t_vip;    create table t_vip(        id int primary key auto_increment, //auto_increment表示自增，从1开始，以1递增！        name varchar(255)    );    insert into t_vip(name) values(&#39;zhangsan&#39;);    insert into t_vip(name) values(&#39;zhangsan&#39;);    insert into t_vip(name) values(&#39;zhangsan&#39;);    insert into t_vip(name) values(&#39;zhangsan&#39;);    insert into t_vip(name) values(&#39;zhangsan&#39;);    insert into t_vip(name) values(&#39;zhangsan&#39;);    insert into t_vip(name) values(&#39;zhangsan&#39;);    insert into t_vip(name) values(&#39;zhangsan&#39;);    select * from t_vip;    +----+----------+    | id | name     |    +----+----------+    |  1 | zhangsan |    |  2 | zhangsan |    |  3 | zhangsan |    |  4 | zhangsan |    |  5 | zhangsan |    |  6 | zhangsan |    |  7 | zhangsan |    |  8 | zhangsan |    +----+----------+</code></pre><h3><span id="76-外键约束foreign-key简称fk非常重要五颗星">7.6、外键约束（foreign key，简称FK）非常重要五颗星*****</span></h3><pre><code>外键约束涉及到的相关术语：    外键约束：一种约束（foreign key）    外键字段：该字段上添加了外键约束    外键值：外键字段当中的每一个值。业务背景：    请设计数据库表，来描述“班级和学生”的信息？    第一种方案：班级和学生存储在一张表中？？？    t_student    no(pk)nameclassnoclassname    ----------------------------------------------------------------------------------    1jack100北京市大兴区亦庄镇第二中学高三1班    2lucy100北京市大兴区亦庄镇第二中学高三1班    3lilei100北京市大兴区亦庄镇第二中学高三1班    4hanmeimei100北京市大兴区亦庄镇第二中学高三1班    5zhangsan101北京市大兴区亦庄镇第二中学高三2班    6lisi101北京市大兴区亦庄镇第二中学高三2班    7wangwu101北京市大兴区亦庄镇第二中学高三2班    8zhaoliu101北京市大兴区亦庄镇第二中学高三2班    分析以上方案的缺点：        数据冗余，空间浪费！！！！        这个设计是比较失败的！        第二种方案：班级一张表、学生一张表？？        t_class 班级表    classno(pk)classname    ------------------------------------------------------    100北京市大兴区亦庄镇第二中学高三1班    101北京市大兴区亦庄镇第二中学高三1班    t_student 学生表    no(pk)namecno(FK引用t_class这张表的classno)    ----------------------------------------------------------------    1jack100    2lucy100    3lilei100    4hanmeimei100    5zhangsan101    6lisi101    7wangwu101    8zhaoliu101    当cno字段没有任何约束的时候，可能会导致数据无效。可能出现一个102，但是102班级不存在。    所以为了保证cno字段中的值都是100和101，需要给cno字段添加外键约束。    那么：cno字段就是外键字段。cno字段中的每一个值都是外键值。    注意：        t_class是父表        t_student是子表        删除表的顺序？            先删子，再删父。        创建表的顺序？            先创建父，再创建子。        删除数据的顺序？            先删子，再删父。        插入数据的顺序？            先插入父，再插入子。    思考：子表中的外键引用的父表中的某个字段，被引用的这个字段必须是主键吗？        不一定是主键，但至少具有unique约束。    测试：外键可以为NULL吗？        外键值可以为NULL。</code></pre><h2><span id="8-存储引擎了解内容">8、存储引擎（了解内容）</span></h2><h3><span id="81-什么是存储引擎有什么用呢">8.1、什么是存储引擎，有什么用呢？</span></h3><pre><code>存储引擎是MySQL中特有的一个术语，其它数据库中没有。（Oracle中有，但是不叫这个名字）存储引擎这个名字高端大气上档次。实际上存储引擎是一个表存储/组织数据的方式。不同的存储引擎，表存储数据的方式不同。</code></pre><h3><span id="82-怎么给表添加x2f指定存储引擎呢">8.2、怎么给表添加&#x2F;指定“存储引擎”呢？</span></h3><pre><code>show create table t_student;可以在建表的时候给表指定存储引擎。CREATE TABLE `t_student` (  `no` int(11) NOT NULL AUTO_INCREMENT,  `name` varchar(255) DEFAULT NULL,  `cno` int(11) DEFAULT NULL,  PRIMARY KEY (`no`),  KEY `cno` (`cno`),  CONSTRAINT `t_student_ibfk_1` FOREIGN KEY (`cno`) REFERENCES `t_class` (`classno`)) ENGINE=InnoDB AUTO_INCREMENT=11 DEFAULT CHARSET=utf8在建表的时候可以在最后小括号的&quot;)&quot;的右边使用：    ENGINE来指定存储引擎。    CHARSET来指定这张表的字符编码方式。    结论：        mysql默认的存储引擎是：InnoDB        mysql默认的字符编码方式是：utf8建表时指定存储引擎，以及字符编码方式。create table t_product(    id int primary key,    name varchar(255))engine=InnoDB default charset=gbk;</code></pre><h3><span id="83-怎么查看mysql支持哪些存储引擎呢">8.3、怎么查看mysql支持哪些存储引擎呢？</span></h3><p>mysql&gt; select version();<br>+———–+<br>| version() |<br>+———–+<br>| 5.5.36    |<br>+———–+</p><p>命令： show engines \G</p><p>*************************** 1. row ***************************<br>      Engine: FEDERATED<br>     Support: NO<br>     Comment: Federated MySQL storage engine<br>Transactions: NULL<br>          XA: NULL<br>  Savepoints: NULL<br>*************************** 2. row ***************************<br>      Engine: MRG_MYISAM<br>     Support: YES<br>     Comment: Collection of identical MyISAM tables<br>Transactions: NO<br>          XA: NO<br>  Savepoints: NO<br>*************************** 3. row ***************************<br>      Engine: MyISAM<br>     Support: YES<br>     Comment: MyISAM storage engine<br>Transactions: NO<br>          XA: NO<br>  Savepoints: NO<br>*************************** 4. row ***************************<br>      Engine: BLACKHOLE<br>     Support: YES<br>     Comment: &#x2F;dev&#x2F;null storage engine (anything you write to it disappears<br>Transactions: NO<br>          XA: NO<br>  Savepoints: NO<br>*************************** 5. row ***************************<br>      Engine: CSV<br>     Support: YES<br>     Comment: CSV storage engine<br>Transactions: NO<br>          XA: NO<br>  Savepoints: NO<br>*************************** 6. row ***************************<br>      Engine: MEMORY<br>     Support: YES<br>     Comment: Hash based, stored in memory, useful for temporary tables<br>Transactions: NO<br>          XA: NO<br>  Savepoints: NO<br>*************************** 7. row ***************************<br>      Engine: ARCHIVE<br>     Support: YES<br>     Comment: Archive storage engine<br>Transactions: NO<br>          XA: NO<br>  Savepoints: NO<br>*************************** 8. row ***************************<br>      Engine: InnoDB<br>     Support: DEFAULT<br>     Comment: Supports transactions, row-level locking, and foreign keys<br>Transactions: YES<br>          XA: YES<br>  Savepoints: YES<br>*************************** 9. row ***************************<br>      Engine: PERFORMANCE_SCHEMA<br>     Support: YES<br>     Comment: Performance Schema<br>Transactions: NO<br>          XA: NO<br>  Savepoints: NO</p><p>mysql支持九大存储引擎，当前5.5.36支持8个。版本不同支持情况不同。</p><h3><span id="84-关于mysql常用的存储引擎介绍一下">8.4、关于mysql常用的存储引擎介绍一下</span></h3><p>MyISAM存储引擎？<br>    它管理的表具有以下特征：<br>        使用三个文件表示每个表：<br>            格式文件 — 存储表结构的定义（mytable.frm）<br>            数据文件 — 存储表行的内容（mytable.MYD）<br>            索引文件 — 存储表上索引（mytable.MYI）：索引是一本书的目录，缩小扫描范围，提高查询效率的一种机制。<br>        可被转换为压缩、只读表来节省空间</p><pre><code>    提示一下：        对于一张表来说，只要是主键，        或者加有unique约束的字段上会自动创建索引。    MyISAM存储引擎特点：        可被转换为压缩、只读表来节省空间        这是这种存储引擎的优势！！！！        MyISAM不支持事务机制，安全性低。</code></pre><p>InnoDB存储引擎？<br>    这是mysql默认的存储引擎，同时也是一个重量级的存储引擎。<br>    InnoDB支持事务，支持数据库崩溃后自动恢复机制。<br>    InnoDB存储引擎最主要的特点是：非常安全。</p><pre><code>它管理的表具有下列主要特征：    – 每个 InnoDB 表在数据库目录中以.frm 格式文件表示    – InnoDB 表空间 tablespace 被用于存储表的内容（表空间是一个逻辑名称。表空间存储数据+索引。）    – 提供一组用来记录事务性活动的日志文件    – 用 COMMIT(提交)、SAVEPOINT 及ROLLBACK(回滚)支持事务处理    – 提供全 ACID 兼容    – 在 MySQL 服务器崩溃后提供自动恢复    – 多版本（MVCC）和行级锁定    – 支持外键及引用的完整性，包括级联删除和更新InnoDB最大的特点就是支持事务：    以保证数据的安全。效率不是很高，并且也不能压缩，不能转换为只读，    不能很好的节省存储空间。</code></pre><p>MEMORY存储引擎？<br>    使用 MEMORY 存储引擎的表，其数据存储在内存中，且行的长度固定，<br>    这两个特点使得 MEMORY 存储引擎非常快。</p><pre><code>MEMORY 存储引擎管理的表具有下列特征：    – 在数据库目录内，每个表均以.frm 格式的文件表示。    – 表数据及索引被存储在内存中。（目的就是快，查询快！）    – 表级锁机制。    – 不能包含 TEXT 或 BLOB 字段。MEMORY 存储引擎以前被称为HEAP 引擎。MEMORY引擎优点：查询效率是最高的。不需要和硬盘交互。MEMORY引擎缺点：不安全，关机之后数据消失。因为数据和索引都是在内存当中。</code></pre><h2><span id="9-事务重点五颗星必须理解必须掌握">9、事务（重点：五颗星*****，必须理解，必须掌握）</span></h2><h3><span id="91-什么是事务">9.1、什么是事务？</span></h3><pre><code>一个事务其实就是一个完整的业务逻辑。是一个最小的工作单元。不可再分。什么是一个完整的业务逻辑？    假设转账，从A账户向B账户中转账10000.    将A账户的钱减去10000（update语句）    将B账户的钱加上10000（update语句）    这就是一个完整的业务逻辑。    以上的操作是一个最小的工作单元，要么同时成功，要么同时失败，不可再分。    这两个update语句要求必须同时成功或者同时失败，这样才能保证钱是正确的。</code></pre><h3><span id="92-x3dx3d只有dml语句才会有事务这一说其它语句和事务无关x3dx3d">9.2、&#x3D;&#x3D;只有DML语句才会有事务这一说，其它语句和事务无关！！！&#x3D;&#x3D;</span></h3><pre><code>insertdeleteupdate只有以上的三个语句和事务有关系，其它都没有关系。</code></pre><p>因为 只有以上的三个语句是数据库表中数据进行增、删、改的。<br>只要你的操作一旦涉及到数据的增、删、改，那么就一定要考虑安全问题。</p><p>数据安全第一位！！！</p><h3><span id="93-假设所有的业务只要一条dml语句就能完成还有必要存在事务机制吗">9.3、假设所有的业务，只要一条DML语句就能完成，还有必要存在事务机制吗？</span></h3><pre><code>正是因为做某件事的时候，需要多条DML语句共同联合起来才能完成，所以需要事务的存在。如果任何一件复杂的事儿都能一条DML语句搞定，那么事务则没有存在的价值了。到底什么是事务呢？    说到底，说到本质上，一个事务其实就是多条DML语句同时成功，或者同时失败！事务：就是批量的DML语句同时成功，或者同时失败！</code></pre><h3><span id="94-事务是怎么做到多条dml语句同时成功和同时失败的呢">9.4、事务是怎么做到多条DML语句同时成功和同时失败的呢？</span></h3><pre><code>InnoDB存储引擎：提供一组用来记录事务性活动的日志文件事务开启了：insertinsertinsertdeleteupdateupdateupdate事务结束了！在事务的执行过程中，每一条DML的操作都会记录到“事务性活动的日志文件”中。在事务的执行过程中，我们可以提交事务，也可以回滚事务。提交事务？    清空事务性活动的日志文件，将数据全部彻底持久化到数据库表中。    提交事务标志着，事务的结束。并且是一种全部成功的结束。回滚事务？    将之前所有的DML操作全部撤销，并且清空事务性活动的日志文件    回滚事务标志着，事务的结束。并且是一种全部失败的结束。</code></pre><h3><span id="95-怎么提交事务怎么回滚事务">9.5、怎么提交事务，怎么回滚事务？</span></h3><pre><code>提交事务：commit; 语句回滚事务：rollback; 语句（回滚永远都是只能回滚到上一次的提交点！）事务对应的英语单词是：transaction测试一下，在mysql当中默认的事务行为是怎样的？    mysql默认情况下是支持自动提交事务的。（自动提交）    什么是自动提交？        每执行一条DML语句，则提交一次！    这种自动提交实际上是不符合我们的开发习惯，因为一个业务    通常是需要多条DML语句共同执行才能完成的，为了保证数据    的安全，必须要求同时成功之后再提交，所以不能执行一条    就提交一条。怎么将mysql的自动提交机制关闭掉呢？    先执行这个命令：start transaction;演示事务：    ---------------------------------回滚事务----------------------------------------    mysql&gt; use bjpowernode;    Database changed    mysql&gt; select * from dept_bak;    Empty set (0.00 sec)    mysql&gt; start transaction;    Query OK, 0 rows affected (0.00 sec)    mysql&gt; insert into dept_bak values(10,&#39;abc&#39;, &#39;tj&#39;);    Query OK, 1 row affected (0.00 sec)    mysql&gt; insert into dept_bak values(10,&#39;abc&#39;, &#39;tj&#39;);    Query OK, 1 row affected (0.00 sec)    mysql&gt; select * from dept_bak;    +--------+-------+------+    | DEPTNO | DNAME | LOC  |    +--------+-------+------+    |     10 | abc   | tj   |    |     10 | abc   | tj   |    +--------+-------+------+    2 rows in set (0.00 sec)    mysql&gt; rollback;    Query OK, 0 rows affected (0.00 sec)    mysql&gt; select * from dept_bak;    Empty set (0.00 sec)    ---------------------------------提交事务----------------------------------------    mysql&gt; use bjpowernode;    Database changed    mysql&gt; select * from dept_bak;    +--------+-------+------+    | DEPTNO | DNAME | LOC  |    +--------+-------+------+    |     10 | abc   | bj   |    +--------+-------+------+    1 row in set (0.00 sec)    mysql&gt; start transaction;    Query OK, 0 rows affected (0.00 sec)    mysql&gt; insert into dept_bak values(20,&#39;abc    Query OK, 1 row affected (0.00 sec)    mysql&gt; insert into dept_bak values(20,&#39;abc    Query OK, 1 row affected (0.00 sec)    mysql&gt; insert into dept_bak values(20,&#39;abc    Query OK, 1 row affected (0.00 sec)    mysql&gt; commit;    Query OK, 0 rows affected (0.01 sec)    mysql&gt; select * from dept_bak;    +--------+-------+------+    | DEPTNO | DNAME | LOC  |    +--------+-------+------+    |     10 | abc   | bj   |    |     20 | abc   | tj   |    |     20 | abc   | tj   |    |     20 | abc   | tj   |    +--------+-------+------+    4 rows in set (0.00 sec)    mysql&gt; rollback;    Query OK, 0 rows affected (0.00 sec)    mysql&gt; select * from dept_bak;    +--------+-------+------+    | DEPTNO | DNAME | LOC  |    +--------+-------+------+    |     10 | abc   | bj   |    |     20 | abc   | tj   |    |     20 | abc   | tj   |    |     20 | abc   | tj   |    +--------+-------+------+    4 rows in set (0.00 sec)</code></pre><h3><span id="96-事务包括4个特性">9.6、事务包括4个特性？</span></h3><pre><code>A：原子性    说明事务是最小的工作单元。不可再分。C：一致性    所有事务要求，在同一个事务当中，所有操作必须同时成功，或者同时失败，    以保证数据的一致性。I：隔离性    A事务和B事务之间具有一定的隔离。    教室A和教室B之间有一道墙，这道墙就是隔离性。    A事务在操作一张表的时候，另一个事务B也操作这张表会那样？？？D：持久性    事务最终结束的一个保障。事务提交，就相当于将没有保存到硬盘上的数据    保存到硬盘上！</code></pre><h3><span id="97-重点研究一下事务的隔离性">9.7、重点研究一下事务的隔离性！！！</span></h3><p>A教室和B教室中间有一道墙，这道墙可以很厚，也可以很薄。这就是事务的隔离级别。<br>这道墙越厚，表示隔离级别就越高。</p><p>事务和事务之间的隔离级别有哪些呢？4个级别</p><blockquote><p>读未提交：read uncommitted（最低的隔离级别）《没有提交就读到了》<br>        什么是读未提交？<br>            事务A可以读取到事务B未提交的数据。<br>        这种隔离级别存在的问题就是：<br>            脏读现象！(Dirty Read)<br>            我们称读到了脏数据。<br>        这种隔离级别一般都是理论上的，大多数的数据库隔离级别都是二档起步！</p></blockquote><blockquote><p>读已提交：read committed《提交之后才能读到》<br>        什么是读已提交？<br>            事务A只能读取到事务B提交之后的数据。<br>        这种隔离级别解决了什么问题？<br>            解决了脏读的现象。<br>        这种隔离级别存在什么问题？<br>            不可重复读取数据。<br>            什么是不可重复读取数据呢？<br>                在事务开启之后，第一次读到的数据是3条，当前事务还没有<br>                结束，可能第二次再读取的时候，读到的数据是4条，3不等于4<br>                称为不可重复读取。</p></blockquote><p>​这种隔离级别是比较真实的数据，&#x3D;&#x3D;每一次读到的数据是绝对的真实。&#x3D;&#x3D;<br>​oracle数据库默认的隔离级别是：read committed</p><blockquote><p>可重复读：repeatable read《提交之后也读不到，永远读取的都是刚开启事务时的数据》<br>        什么是可重复读取？<br>            事务A开启之后，不管是多久，每一次在事务A中读取到的数据<br>            都是一致的。即使事务B将数据已经修改，并且提交了，事务A<br>            读取到的数据还是没有发生改变，这就是可重复读。<br>        可重复读解决了什么问题？<br>            解决了不可重复读取数据。<br>        可重复读存在的问题是什么？<br>            可以会出现幻影读。<br>            每一次读取到的数据都是幻象。不够真实！</p><pre><code>    早晨9点开始开启了事务，只要事务不结束，到晚上9点，读到的数据还是那样！    读到的是假象。不够绝对的真实。</code></pre></blockquote><p>​&#x3D;&#x3D;mysql中默认的事务隔离级别就是这个！！！！！！！！！！！&#x3D;&#x3D;</p><blockquote><p>序列化&#x2F;串行化：serializable（最高的隔离级别）<br>        这是最高隔离级别，<u>效率最低。</u>解决了所有的问题。<br>        这种隔离级别表示事务排队，不能并发！<br>        synchronized，线程同步（事务同步）<br>        每一次读取到的数据都是最真实的，并且效率是最低的。</p></blockquote><h3><span id="98-验证各种隔离级别">9.8、验证各种隔离级别</span></h3><p>查看隔离级别：SELECT @@tx_isolation<br>+—————–+<br>| @@tx_isolation  |<br>+—————–+<br>| REPEATABLE-READ |<br>+—————–+<br>mysql默认的隔离级别</p><p>被测试的表t_user<br>验证：read uncommited<br>mysql&gt; set global transaction isolation level read uncommitted;</p><h2><span id="事务a事务b">事务A事务B</span></h2><p>use bjpowernode;<br>                                                    use bjpowernode;<br>start transaction;<br>select * from t_user;<br>                                                    start transaction;<br>                                                    insert into t_user values(‘zhangsan’);<br>select * from t_user;</p><p>验证：read commited<br>mysql&gt; set global transaction isolation level read committed;</p><h2><span id="事务a事务b">事务A事务B</span></h2><p>use bjpowernode;<br>                                                    use bjpowernode;<br>start transaction;<br>                                                    start transaction;<br>select * from t_user;<br>                                                    insert into t_user values(‘zhangsan’);<br>select * from t_user;<br>                                                    commit;<br>select * from t_user;</p><p>验证：repeatable read<br>mysql&gt; set global transaction isolation level repeatable read;</p><h2><span id="事务a事务b">事务A事务B</span></h2><p>use bjpowernode;<br>                                                    use bjpowernode;<br>start transaction;<br>                                                    start transaction;<br>select * from t_user;<br>                                                    insert into t_user values(‘lisi’);<br>                                                    insert into t_user values(‘wangwu’);<br>                                                    commit;<br>select * from t_user;</p><p>验证：serializable<br>mysql&gt; set global transaction isolation level serializable;</p><h2><span id="事务a事务b">事务A事务B</span></h2><p>use bjpowernode;<br>                                                    use bjpowernode;<br>start transaction;<br>                                                    start transaction;<br>select * from t_user;<br>insert into t_user values(‘abc’);<br>                                                    select * from t_user;</p><p>mysql day04课堂笔记</p><h1><span id="mysql-day04课堂笔记">mysql day04课堂笔记</span></h1><h2><span id="1-索引index">1、索引（index）</span></h2><h3><span id="11-什么是索引">1.1、什么是索引？</span></h3><pre><code>索引是在数据库表的字段上添加的，是为了提高查询效率存在的一种机制。一张表的一个字段可以添加一个索引，当然，多个字段联合起来也可以添加索引。索引相当于一本书的目录，是为了缩小扫描范围而存在的一种机制。对于一本字典来说，查找某个汉字有两种方式：    第一种方式：一页一页挨着找，直到找到为止，这种查找方式属于全字典扫描。    效率比较低。    第二种方式：先通过目录（索引）去定位一个大概的位置，然后直接定位到这个    位置，做局域性扫描，缩小扫描的范围，快速的查找。这种查找方式属于通过    索引检索，效率较高。t_userid(idIndex)name(nameIndex)email(emailIndex)address  (emailAddressIndex)----------------------------------------------------------------------------------1zhangsan...2lisi3wangwu4zhaoliu5hanmeimei6jackselect * from t_user where name = &#39;jack&#39;;以上的这条SQL语句会去name字段上扫描，为什么？    因为查询条件是：name=&#39;jack&#39;如果name字段上没有添加索引（目录），或者说没有给name字段创建索引，MySQL会进行全扫描，会将name字段上的每一个值都比对一遍。效率比较低。MySQL在查询方面主要就是两种方式：    第一种方式：全表扫描    第二种方式：根据索引检索。注意：    在实际中，汉语字典前面的目录是排序的，按照a b c d e f....排序，    为什么排序呢？因为只有排序了才会有区间查找这一说！（缩小扫描范围    其实就是扫描某个区间罢了！）    在mysql数据库当中索引也是需要排序的，并且这个所以的排序和TreeSet    数据结构相同。TreeSet（TreeMap）底层是一个自平衡的二叉树！在mysql    当中索引是一个B-Tree数据结构。    遵循左小又大原则存放。采用中序遍历方式遍历取数据。</code></pre><h3><span id="12-索引的实现原理">1.2、索引的实现原理？</span></h3><pre><code>假设有一张用户表：t_userid(PK)name每一行记录在硬盘上都有物理存储编号----------------------------------------------------------------------------------100zhangsan0x1111120lisi0x222299wangwu0x888888zhaoliu0x9999101jack0x666655lucy0x5555130tom0x7777提醒1：在任何数据库当中主键上都会自动添加索引对象，id字段上自动有索引，因为id是PK。另外在mysql当中，一个字段上如果有unique约束的话，也会自动创建索引对象。提醒2：在任何数据库当中，任何一张表的任何一条记录在硬盘存储上都有一个硬盘的物理存储编号。提醒3：在mysql当中，索引是一个单独的对象，不同的存储引擎以不同的形式存在，在MyISAM存储引擎中，索引存储在一个.MYI文件中。在InnoDB存储引擎中索引存储在一个逻辑名称叫做tablespace的当中。在MEMORY存储引擎当中索引被存储在内存当中。不管索引存储在哪里，索引在mysql当中都是一个树的形式存在。（自平衡二叉树：B-Tree）</code></pre><h3><span id="13-在mysql当中主键上以及unique字段上都会自动添加索引的">1.3、在mysql当中，主键上，以及unique字段上都会自动添加索引的！！！！</span></h3><p>什么条件下，我们会考虑给字段添加索引呢？<br>    条件1：数据量庞大（到底有多么庞大算庞大，这个需要测试，因为每一个硬件环境不同）<br>    条件2：该字段经常出现在where的后面，以条件的形式存在，也就是说这个字段总是被扫描。<br>    条件3：该字段很少的DML(insert delete update)操作。（因为DML之后，索引需要重新排序。）</p><pre><code>建议不要随意添加索引，因为索引也是需要维护的，太多的话反而会降低系统的性能。建议通过主键查询，建议通过unique约束的字段进行查询，效率是比较高的。</code></pre><h3><span id="14-索引怎么创建怎么删除语法是什么">1.4、索引怎么创建？怎么删除？语法是什么？</span></h3><pre><code>创建索引：    mysql&gt; create index emp_ename_index on emp(ename);    给emp表的ename字段添加索引，起名：emp_ename_index删除索引：    mysql&gt; drop index emp_ename_index on emp;    将emp表上的emp_ename_index索引对象删除。</code></pre><h3><span id="15-在mysql当中怎么查看一个sql语句是否使用了索引进行检索">1.5、在mysql当中，怎么查看一个SQL语句是否使用了索引进行检索？</span></h3><pre><code>mysql&gt; explain select * from emp where ename = &#39;KING&#39;;+----+-------------+-------+------+---------------+------+---------+------+------+-------------+| id | select_type | table | type | possible_keys | key  | key_len | ref  | rows | Extra       |+----+-------------+-------+------+---------------+------+---------+------+------+-------------+|  1 | SIMPLE      | emp   | ALL  | NULL          | NULL | NULL    | NULL |   14 | Using where |+----+-------------+-------+------+---------------+------+---------+------+------+-------------+扫描14条记录：说明没有使用索引。type=ALLmysql&gt; create index emp_ename_index on emp(ename);mysql&gt; explain select * from emp where ename = &#39;KING&#39;;+----+-------------+-------+------+-----------------+-----------------+---------+-------+------+-------------+| id | select_type | table | type | possible_keys   | key             | key_len | ref   | rows | Extra       |+----+-------------+-------+------+-----------------+-----------------+---------+-------+------+-------------+|  1 | SIMPLE      | emp   | ref  | emp_ename_index | emp_ename_index | 33      | const |    1 | Using where |+----+-------------+-------+------+-----------------+-----------------+---------+-------+------+-------------+</code></pre><h3><span id="16-索引有失效的时候什么时候索引失效呢">1.6、索引有失效的时候，什么时候索引失效呢？</span></h3><p>​</p><pre><code>失效的第1种情况：    select * from emp where ename like &#39;%T&#39;;    ename上即使添加了索引，也不会走索引，为什么？        原因是因为模糊匹配当中以“%”开头了！        尽量避免模糊查询的时候以“%”开始。        这是一种优化的手段/策略。    mysql&gt; explain select * from emp where ename like &#39;%T&#39;;    +----+-------------+-------+------+---------------+------+---------+------+------+-------------+    | id | select_type | table | type | possible_keys | key  | key_len | ref  | rows | Extra       |    +----+-------------+-------+------+---------------+------+---------+------+------+-------------+    |  1 | SIMPLE      | emp   | ALL  | NULL          | NULL | NULL    | NULL |   14 | Using where |    +----+-------------+-------+------+---------------+------+---------+------+------+-------------+失效的第2种情况：    使用or的时候会失效，如果使用or那么要求or两边的条件字段都要有    索引，才会走索引，如果其中一边有一个字段没有索引，那么另一个    字段上的索引也会实现。所以这就是为什么不建议使用or的原因。    mysql&gt; explain select * from emp where ename = &#39;KING&#39; or job = &#39;MANAGER&#39;;    +----+-------------+-------+------+-----------------+------+---------+------+------+-------------+    | id | select_type | table | type | possible_keys   | key  | key_len | ref  | rows | Extra       |    +----+-------------+-------+------+-----------------+------+---------+------+------+-------------+    |  1 | SIMPLE      | emp   | ALL  | emp_ename_index | NULL | NULL    | NULL |   14 | Using where |    +----+-------------+-------+------+-----------------+------+---------+------+------+-------------+失效的第3种情况：    使用复合索引的时候，没有使用左侧的列查找，索引失效    什么是复合索引？        两个字段，或者更多的字段联合起来添加一个索引，叫做复合索引。        create index emp_job_sal_index on emp(job,sal);        mysql&gt; explain select * from emp where job = &#39;MANAGER&#39;;    +----+-------------+-------+------+-------------------+-------------------+---------+-------+------+-------------+    | id | select_type | table | type | possible_keys     | key               | key_len | ref   | rows | Extra       |    +----+-------------+-------+------+-------------------+-------------------+---------+-------+------+-------------+    |  1 | SIMPLE      | emp   | ref  | emp_job_sal_index | emp_job_sal_index | 30      | const |    3 | Using where |    +----+-------------+-------+------+-------------------+-------------------+---------+-------+------+-------------+        mysql&gt; explain select * from emp where sal = 800;    +----+-------------+-------+------+---------------+------+---------+------+------+-------------+    | id | select_type | table | type | possible_keys | key  | key_len | ref  | rows | Extra       |    +----+-------------+-------+------+---------------+------+---------+------+------+-------------+    |  1 | SIMPLE      | emp   | ALL  | NULL          | NULL | NULL    | NULL |   14 | Using where |    +----+-------------+-------+------+---------------+------+---------+------+------+-------------+失效的第4种情况：    在where当中索引列参加了运算，索引失效。    mysql&gt; create index emp_sal_index on emp(sal);    explain select * from emp where sal = 800;    +----+-------------+-------+------+---------------+---------------+---------+-------+------+-------------+    | id | select_type | table | type | possible_keys | key           | key_len | ref   | rows | Extra       |    +----+-------------+-------+------+---------------+---------------+---------+-------+------+-------------+    |  1 | SIMPLE      | emp   | ref  | emp_sal_index | emp_sal_index | 9       | const |    1 | Using where |    +----+-------------+-------+------+---------------+---------------+---------+-------+------+-------------+    mysql&gt; explain select * from emp where sal+1 = 800;    +----+-------------+-------+------+---------------+------+---------+------+------+-------------+    | id | select_type | table | type | possible_keys | key  | key_len | ref  | rows | Extra       |    +----+-------------+-------+------+---------------+------+---------+------+------+-------------+    |  1 | SIMPLE      | emp   | ALL  | NULL          | NULL | NULL    | NULL |   14 | Using where |    +----+-------------+-------+------+---------------+------+---------+------+------+-------------+失效的第5种情况：    在where当中索引列使用了函数    explain select * from emp where lower(ename) = &#39;smith&#39;;    +----+-------------+-------+------+---------------+------+---------+------+------+-------------+    | id | select_type | table | type | possible_keys | key  | key_len | ref  | rows | Extra       |    +----+-------------+-------+------+---------------+------+---------+------+------+-------------+    |  1 | SIMPLE      | emp   | ALL  | NULL          | NULL | NULL    | NULL |   14 | Using where |    +----+-------------+-------+------+---------------+------+---------+------+------+-------------+失效的第6...失效的第7...</code></pre><h3><span id="17-索引是各种数据库进行优化的重要手段-优化的时候优先考虑的因素就是索引">1.7、索引是各种数据库进行优化的重要手段。优化的时候优先考虑的因素就是索引。</span></h3><p>索引在数据库当中分了很多类？<br>    单一索引：一个字段上添加索引。<br>    复合索引：两个字段或者更多的字段上添加索引。</p><pre><code>主键索引：主键上添加索引。唯一性索引：具有unique约束的字段上添加索引。.....注意：唯一性比较弱的字段上添加索引用处不大，越唯一效率越高</code></pre><h2><span id="2-视图view">2、视图(view)</span></h2><h3><span id="21-什么是视图">2.1、什么是视图？</span></h3><pre><code>view:站在不同的角度去看待同一份数据。</code></pre><h3><span id="22-怎么创建视图对象怎么删除视图对象">2.2、怎么创建视图对象？怎么删除视图对象？</span></h3><pre><code>表复制：mysql&gt; create table dept2 as select * from dept;dept2表中的数据：mysql&gt; select * from dept2;+--------+------------+----------+| DEPTNO | DNAME      | LOC      |+--------+------------+----------+|     10 | ACCOUNTING | NEW YORK ||     20 | RESEARCH   | DALLAS   ||     30 | SALES      | CHICAGO  ||     40 | OPERATIONS | BOSTON   |+--------+------------+----------+创建视图对象：    create view dept2_view as select * from dept2;删除视图对象：    drop view dept2_view;注意：只有DQL语句才能以view的形式创建。    create view view_name as 这里的语句必须是DQL语句;</code></pre><h3><span id="23-用视图做什么">2.3、用视图做什么？</span></h3><pre><code>我们可以面向视图对象进行增删改查，对视图对象的增删改查，会导致原表被操作！（视图的特点：通过对视图的操作，会影响到原表数据。）//面向视图查询select * from dept2_view; // 面向视图插入insert into dept2_view(deptno,dname,loc) values(60,&#39;SALES&#39;, &#39;BEIJING&#39;);// 查询原表数据mysql&gt; select * from dept2;+--------+------------+----------+| DEPTNO | DNAME      | LOC      |+--------+------------+----------+|     10 | ACCOUNTING | NEW YORK ||     20 | RESEARCH   | DALLAS   ||     30 | SALES      | CHICAGO  ||     40 | OPERATIONS | BOSTON   ||     60 | SALES      | BEIJING  |+--------+------------+----------+// 面向视图删除mysql&gt; delete from dept2_view;// 查询原表数据mysql&gt; select * from dept2;Empty set (0.00 sec)// 创建视图对象create view     emp_dept_viewas    select         e.ename,e.sal,d.dname    from        emp e    join        dept d    on        e.deptno = d.deptno;// 查询视图对象mysql&gt; select * from emp_dept_view;+--------+---------+------------+| ename  | sal     | dname      |+--------+---------+------------+| CLARK  | 2450.00 | ACCOUNTING || KING   | 5000.00 | ACCOUNTING || MILLER | 1300.00 | ACCOUNTING || SMITH  |  800.00 | RESEARCH   || JONES  | 2975.00 | RESEARCH   || SCOTT  | 3000.00 | RESEARCH   || ADAMS  | 1100.00 | RESEARCH   || FORD   | 3000.00 | RESEARCH   || ALLEN  | 1600.00 | SALES      || WARD   | 1250.00 | SALES      || MARTIN | 1250.00 | SALES      || BLAKE  | 2850.00 | SALES      || TURNER | 1500.00 | SALES      || JAMES  |  950.00 | SALES      |+--------+---------+------------+// 面向视图更新update emp_dept_view set sal = 1000 where dname = &#39;ACCOUNTING&#39;;// 原表数据被更新mysql&gt; select * from emp;+-------+--------+-----------+------+------------+---------+---------+--------+| EMPNO | ENAME  | JOB       | MGR  | HIREDATE   | SAL     | COMM    | DEPTNO |+-------+--------+-----------+------+------------+---------+---------+--------+|  7369 | SMITH  | CLERK     | 7902 | 1980-12-17 |  800.00 |    NULL |     20 ||  7499 | ALLEN  | SALESMAN  | 7698 | 1981-02-20 | 1600.00 |  300.00 |     30 ||  7521 | WARD   | SALESMAN  | 7698 | 1981-02-22 | 1250.00 |  500.00 |     30 ||  7566 | JONES  | MANAGER   | 7839 | 1981-04-02 | 2975.00 |    NULL |     20 ||  7654 | MARTIN | SALESMAN  | 7698 | 1981-09-28 | 1250.00 | 1400.00 |     30 ||  7698 | BLAKE  | MANAGER   | 7839 | 1981-05-01 | 2850.00 |    NULL |     30 ||  7782 | CLARK  | MANAGER   | 7839 | 1981-06-09 | 1000.00 |    NULL |     10 ||  7788 | SCOTT  | ANALYST   | 7566 | 1987-04-19 | 3000.00 |    NULL |     20 ||  7839 | KING   | PRESIDENT | NULL | 1981-11-17 | 1000.00 |    NULL |     10 ||  7844 | TURNER | SALESMAN  | 7698 | 1981-09-08 | 1500.00 |    0.00 |     30 ||  7876 | ADAMS  | CLERK     | 7788 | 1987-05-23 | 1100.00 |    NULL |     20 ||  7900 | JAMES  | CLERK     | 7698 | 1981-12-03 |  950.00 |    NULL |     30 ||  7902 | FORD   | ANALYST   | 7566 | 1981-12-03 | 3000.00 |    NULL |     20 ||  7934 | MILLER | CLERK     | 7782 | 1982-01-23 | 1000.00 |    NULL |     10 |+-------+--------+-----------+------+------------+---------+---------+--------+</code></pre><h3><span id="24-视图对象在实际开发中到底有什么用方便简化开发利于维护">2.4、视图对象在实际开发中到底有什么用？《方便，简化开发，利于维护》</span></h3><pre><code>    create view         emp_dept_view    as        select             e.ename,e.sal,d.dname        from            emp e        join            dept d        on            e.deptno = d.deptno;</code></pre><p>​<br>​假设有一条非常复杂的SQL语句，而这条SQL语句需要在不同的位置上反复使用。<br>​每一次使用这个sql语句的时候都需要重新编写，很长，很麻烦，怎么办？<br>​可以把这条复杂的SQL语句以视图对象的形式新建。<br>​在需要编写这条SQL语句的位置直接使用视图对象，可以大大简化开发。<br>​并且利于后期的维护，因为修改的时候也只需要修改一个位置就行，只需要<br>​修改视图对象所映射的SQL语句。<br>​<br>​我们以后面向视图开发的时候，使用视图的时候可以像使用table一样。<br>​可以对视图进行增删改查等操作。视图不是在内存当中，视图对象也是<br>​存储在硬盘上的，不会消失。<br>​<br>​再提醒一下：<br>​视图对应的语句只能是DQL语句。<br>​但是视图对象创建完成之后，可以对视图进行增删改查等操作。<br>​<br>​小插曲：<br>​增删改查，又叫做：CRUD。<br>​CRUD是在公司中程序员之间沟通的术语。一般我们很少说增删改查。<br>​一般都说CRUD。<br>​<br>​C:Create（增）<br>​R:Retrive（查：检索）<br>​U:Update（改）<br>​D:Delete（删）</p><h2><span id="3-dba常用命令">3、DBA常用命令？</span></h2><pre><code>重点掌握：    数据的导入和导出（数据的备份）    其它命令了解一下即可。（这个培训日志文档留着，以后忘了，可以打开文档复制粘贴。）数据导出？    注意：在windows的dos命令窗口中：        mysqldump bjpowernode&gt;D:\bjpowernode.sql -uroot -p123456        可以导出指定的表吗？        mysqldump bjpowernode emp&gt;D:\bjpowernode.sql -uroot -p123456数据导入？    注意：需要先登录到mysql数据库服务器上。    然后创建数据库：create database bjpowernode;    使用数据库：use bjpowernode    然后初始化数据库：source D:\bjpowernode.sql</code></pre><h2><span id="4-数据库设计三范式">4、数据库设计三范式</span></h2><h3><span id="41-什么是数据库设计范式">4.1、什么是数据库设计范式？</span></h3><pre><code>数据库表的设计依据。教你怎么进行数据库表的设计。</code></pre><h3><span id="42-数据库设计范式共有">4.2、数据库设计范式共有？</span></h3><blockquote><p>第一范式：要求任何一张表必须有主键，每一个字段原子性不可再分。</p></blockquote><blockquote><p>第二范式：建立在第一范式的基础之上，要求所有非主键字段完全依赖主键，<br>不要产生部分依赖。</p></blockquote><blockquote><p>第三范式：建立在第二范式的基础之上，要求所有非主键字段直接依赖主键，<br>不要产生传递依赖。</p></blockquote><p>声明：三范式是面试官经常问的，所以一定要熟记在心！</p><p>设计数据库表的时候，按照以上的范式进行，可以避免表中数据的冗余，空间的浪费。</p><h3><span id="43-第一范式">4.3、第一范式</span></h3><pre><code>最核心，最重要的范式，所有表的设计都需要满足。必须有主键，并且每一个字段都是原子性不可再分。学生编号 学生姓名 联系方式------------------------------------------1001张三zs@gmail.com,13599999991002李四ls@gmail.com,136999999991001王五ww@163.net,13488888888以上是学生表，满足第一范式吗？    不满足，第一：没有主键。第二：联系方式可以分为邮箱地址和电话学生编号(pk) 学生姓名邮箱地址联系电话----------------------------------------------------1001张三zs@gmail.com13599999991002李四ls@gmail.com136999999991003王五ww@163.net13488888888</code></pre><h3><span id="44-第二范式">4.4、第二范式：</span></h3><pre><code>建立在第一范式的基础之上，要求所有非主键字段必须完全依赖主键，不要产生部分依赖。学生编号 学生姓名 教师编号 教师姓名----------------------------------------------------1001张三001王老师1002李四002赵老师1003王五001王老师1001张三002赵老师这张表描述了学生和老师的关系：（1个学生可能有多个老师，1个老师有多个学生）这是非常典型的：多对多关系！分析以上的表是否满足第一范式？    不满足第一范式。怎么满足第一范式呢？修改学生编号+教师编号(pk)学生姓名  教师姓名----------------------------------------------------1001001张三王老师1002002李四赵老师1003001王五王老师1001002张三赵老师学生编号 教师编号，两个字段联合做主键，复合主键（PK: 学生编号+教师编号）经过修改之后，以上的表满足了第一范式。但是满足第二范式吗？    不满足，“张三”依赖1001，“王老师”依赖001，显然产生了部分依赖。    产生部分依赖有什么缺点？        数据冗余了。空间浪费了。“张三”重复了，“王老师”重复了。为了让以上的表满足第二范式，你需要这样设计：    使用三张表来表示多对多的关系！！！！    学生表    学生编号(pk)学生名字    ------------------------------------    1001张三    1002李四    1003王五        教师表    教师编号(pk)教师姓名    --------------------------------------    001王老师    002赵老师    学生教师关系表    id(pk)学生编号(fk)教师编号(fk)    ------------------------------------------------------    11001001    21002002    31003001    41001002背口诀：    多对多怎么设计？        多对多，三张表，关系表两个外键！！！！！！！！！！！！！！！</code></pre><h3><span id="45-第三范式">4.5、第三范式</span></h3><pre><code>第三范式建立在第二范式的基础之上要求所有非主键字典必须直接依赖主键，不要产生传递依赖。学生编号（PK） 学生姓名 班级编号  班级名称---------------------------------------------------------    1001张三01一年一班    1002李四02一年二班    1003王五03一年三班    1004赵六03一年三班以上表的设计是描述：班级和学生的关系。很显然是1对多关系！一个教室中有多个学生。分析以上表是否满足第一范式？    满足第一范式，有主键。分析以上表是否满足第二范式？    满足第二范式，因为主键不是复合主键，没有产生部分依赖。主键是单一主键。分析以上表是否满足第三范式？    第三范式要求：不要产生传递依赖！    一年一班依赖01，01依赖1001，产生了传递依赖。    不符合第三范式的要求。产生了数据的冗余。那么应该怎么设计一对多呢？    班级表：一    班级编号(pk)班级名称    ----------------------------------------    01一年一班    02一年二班    03一年三班    学生表：多    学生编号（PK） 学生姓名 班级编号(fk)    -------------------------------------------    1001张三01    1002李四02    1003王五03    1004赵六03        背口诀：        一对多，两张表，多的表加外键！！！！！！！！！！！！</code></pre><h3><span id="46-总结表的设计">4.6、总结表的设计？</span></h3><pre><code>一对多：    一对多，两张表，多的表加外键！！！！！！！！！！！！多对多：    多对多，三张表，关系表两个外键！！！！！！！！！！！！！！！一对一：    一对一放到一张表中不就行了吗？为啥还要拆分表？    在实际的开发中，可能存在一张表字段太多，太庞大。这个时候要拆分表。    一对一怎么设计？        没有拆分表之前：一张表            t_user            idlogin_namelogin_pwdreal_nameemailaddress........            ---------------------------------------------------------------------------            1zhangsan123张三zhangsan@xxx            2lisi123李四lisi@xxx            ...                这种庞大的表建议拆分为两张：            t_login 登录信息表            id(pk)login_namelogin_pwd            ---------------------------------            1zhangsan123            2lisi123            t_user 用户详细信息表            id(pk)real_nameemailaddress........login_id(fk+unique)            -----------------------------------------------------------------------------------------            100张三zhangsan@xxx1            200李四lisi@xxx2            口诀：一对一，外键唯一！！！！！！！！！！</code></pre><h3><span id="47-嘱咐一句话">4.7、嘱咐一句话：</span></h3><pre><code>数据库设计三范式是理论上的。实践和理论有的时候有偏差。最终的目的都是为了满足客户的需求，有的时候会拿冗余换执行速度。因为在sql当中，表和表之间连接次数越多，效率越低。（笛卡尔积）有的时候可能会存在冗余，但是为了减少表的连接次数，这样做也是合理的，并且对于开发人员来说，sql语句的编写难度也会降低。面试的时候把这句话说上：他就不会认为你是初级程序员了！</code></pre>]]></content>
      
      
      <categories>
          
          <category> 数据库 </category>
          
      </categories>
      
      
        <tags>
            
            <tag> mysql </tag>
            
        </tags>
      
    </entry>
    
    
  
  
</search>
